ISO-10303-21;
HEADER;
FILE_DESCRIPTION (( 'STEP AP214' ),
    '1' );
FILE_NAME ('MBR10100G.STEP',
    '2025-05-26T12:14:18',
    ( '' ),
    ( '' ),
    'SwSTEP 2.0',
    'SolidWorks 2024',
    '' );
FILE_SCHEMA (( 'AUTOMOTIVE_DESIGN' ));
ENDSEC;

DATA;
#1 = LINE ( 'NONE', #463, #14 ) ;
#2 = EDGE_CURVE ( 'NONE', #439, #322, #552, .T. ) ;
#3 = VERTEX_POINT ( 'NONE', #175 ) ;
#4 = APPLICATION_PROTOCOL_DEFINITION ( 'draft international standard', 'automotive_design', 1998, #652 ) ;
#5 =( LENGTH_UNIT ( ) NAMED_UNIT ( * ) SI_UNIT ( $, .METRE. ) );
#6 = ORIENTED_EDGE ( 'NONE', *, *, #1329, .T. ) ;
#7 = LINE ( 'NONE', #550, #1376 ) ;
#8 = DIRECTION ( 'NONE',  ( -2.276539994720219842E-16, 1.000000000000000000, 0.000000000000000000 ) ) ;
#9 = ORIENTED_EDGE ( 'NONE', *, *, #69, .F. ) ;
#10 = EDGE_CURVE ( 'NONE', #292, #279, #538, .T. ) ;
#11 = CARTESIAN_POINT ( 'NONE',  ( 0.1212500000000000383, 0.4949999999999998845, -0.05474999999999998618 ) ) ;
#12 = ORIENTED_EDGE ( 'NONE', *, *, #1281, .T. ) ;
#13 = DIRECTION ( 'NONE',  ( 0.000000000000000000, -1.000000000000000000, -0.000000000000000000 ) ) ;
#14 = VECTOR ( 'NONE', #480, 39.37007874015748143 ) ;
#15 = CARTESIAN_POINT ( 'NONE',  ( 0.1159999999999999781, -0.4320000000000000506, -0.009749999999999999986 ) ) ;
#16 = MECHANICAL_DESIGN_GEOMETRIC_PRESENTATION_REPRESENTATION (  '', ( #474 ), #614 ) ;
#17 = AXIS2_PLACEMENT_3D ( 'NONE', #1199, #739, #649 ) ;
#18 = ORIENTED_EDGE ( 'NONE', *, *, #1402, .T. ) ;
#19 = PRESENTATION_STYLE_ASSIGNMENT (( #121 ) ) ;
#20 = DIRECTION ( 'NONE',  ( 1.000000000000000000, 0.000000000000000000, 0.000000000000000000 ) ) ;
#21 = ADVANCED_FACE ( 'NONE', ( #637 ), #187, .T. ) ;
#22 = ORIENTED_EDGE ( 'NONE', *, *, #610, .F. ) ;
#23 = DIRECTION ( 'NONE',  ( -1.000000000000000000, -0.000000000000000000, 0.000000000000000000 ) ) ;
#24 = PRODUCT ( 'MUR840_1', 'MUR840_1', '', ( #309 ) ) ;
#25 = DIRECTION ( 'NONE',  ( -0.000000000000000000, -0.000000000000000000, 1.000000000000000000 ) ) ;
#26 = ORIENTED_EDGE ( 'NONE', *, *, #1036, .F. ) ;
#27 = DIRECTION ( 'NONE',  ( 0.000000000000000000, 0.000000000000000000, -1.000000000000000000 ) ) ;
#28 = ORIENTED_EDGE ( 'NONE', *, *, #1126, .T. ) ;
#29 = LINE ( 'NONE', #491, #1351 ) ;
#30 = EDGE_CURVE ( 'NONE', #1092, #1344, #166, .T. ) ;
#31 = CARTESIAN_POINT ( 'NONE',  ( -0.1159999999999999781, -0.4320000000000000506, 0.009749999999999999986 ) ) ;
#32 = EDGE_LOOP ( 'NONE', ( #606, #699, #1247, #12, #925, #234, #143, #1176 ) ) ;
#33 = EDGE_CURVE ( 'NONE', #181, #515, #72, .T. ) ;
#34 = LINE ( 'NONE', #1179, #397 ) ;
#35 = ADVANCED_BREP_SHAPE_REPRESENTATION ( '', ( #299, #834 ), #502 ) ;
#36 = VERTEX_POINT ( 'NONE', #65 ) ;
#37 =( NAMED_UNIT ( * ) SI_UNIT ( $, .STERADIAN. ) SOLID_ANGLE_UNIT ( ) );
#38 = ADVANCED_FACE ( 'NONE', ( #870, #663 ), #1015, .F. ) ;
#39 = ORIENTED_EDGE ( 'NONE', *, *, #146, .T. ) ;
#40 = PRESENTATION_LAYER_ASSIGNMENT (  '', '', ( #594 ) ) ;
#41 = DIRECTION ( 'NONE',  ( 0.000000000000000000, 0.000000000000000000, 1.000000000000000000 ) ) ;
#42 = VECTOR ( 'NONE', #535, 39.37007874015748143 ) ;
#43 = VERTEX_POINT ( 'NONE', #1000 ) ;
#44 = DIRECTION ( 'NONE',  ( 1.000000000000000000, 7.129039649437011259E-17, -0.000000000000000000 ) ) ;
#45 = ORIENTED_EDGE ( 'NONE', *, *, #347, .F. ) ;
#46 = ORIENTED_EDGE ( 'NONE', *, *, #848, .F. ) ;
#47 = DIRECTION ( 'NONE',  ( 0.000000000000000000, 0.000000000000000000, 1.000000000000000000 ) ) ;
#48 = DIRECTION ( 'NONE',  ( 1.000000000000000000, 2.276539994720219842E-16, 0.000000000000000000 ) ) ;
#49 = ORIENTED_EDGE ( 'NONE', *, *, #1229, .F. ) ;
#50 = CARTESIAN_POINT ( 'NONE',  ( 0.1212500000000000383, 0.4949999999999998845, -0.1047499999999999959 ) ) ;
#51 = EDGE_CURVE ( 'NONE', #1359, #929, #417, .T. ) ;
#52 = EDGE_LOOP ( 'NONE', ( #951, #145, #1208, #472 ) ) ;
#53 = CARTESIAN_POINT ( 'NONE',  ( -0.1262500000000000289, 0.1300000000000000044, 0.009749999999999999986 ) ) ;
#54 = FACE_OUTER_BOUND ( 'NONE', #1066, .T. ) ;
#55 = ORIENTED_EDGE ( 'NONE', *, *, #993, .F. ) ;
#56 = AXIS2_PLACEMENT_3D ( 'NONE', #252, #1288, #128 ) ;
#57 = AXIS2_PLACEMENT_3D ( 'NONE', #838, #44, #1286 ) ;
#58 = CARTESIAN_POINT ( 'NONE',  ( -0.1212500000000000522, 0.4949999999999998290, -0.05474999999999998618 ) ) ;
#59 = CIRCLE ( 'NONE', #1030, 0.07574999999999998401 ) ;
#60 = VECTOR ( 'NONE', #884, 39.37007874015748143 ) ;
#61 = ORIENTED_EDGE ( 'NONE', *, *, #33, .F. ) ;
#62 = ADVANCED_FACE ( 'NONE', ( #991 ), #904, .F. ) ;
#63 = CARTESIAN_POINT ( 'NONE',  ( 0.1962500000000000355, 0.4449999999999998956, 0.07024999999999999301 ) ) ;
#64 = CARTESIAN_POINT ( 'NONE',  ( 0.1962500000000000355, 0.7499999999999998890, -0.1047499999999999959 ) ) ;
#65 = CARTESIAN_POINT ( 'NONE',  ( -0.1962499999999999800, 0.4949999999999998845, -0.1047499999999999959 ) ) ;
#66 = CARTESIAN_POINT ( 'NONE',  ( -0.1212500000000000661, 0.3449999999999999178, -0.05474999999999998618 ) ) ;
#67 = SHAPE_REPRESENTATION_RELATIONSHIP ( 'NONE' , 'NONE' ,  #1253, #115 ) ;
#68 = ORIENTED_EDGE ( 'NONE', *, *, #223, .T. ) ;
#69 = EDGE_CURVE ( 'NONE', #1359, #659, #1213, .T. ) ;
#70 = CARTESIAN_POINT ( 'NONE',  ( 0.000000000000000000, 0.6300000000000000044, -0.05474999999999998618 ) ) ;
#71 = LINE ( 'NONE', #174, #250 ) ;
#72 = LINE ( 'NONE', #627, #1093 ) ;
#73 = DIRECTION ( 'NONE',  ( 0.000000000000000000, -0.000000000000000000, 1.000000000000000000 ) ) ;
#74 = PRODUCT_DEFINITION ( 'UNKNOWN', '', #1424, #1191 ) ;
#75 = CARTESIAN_POINT ( 'NONE',  ( 0.000000000000000000, 0.000000000000000000, 0.000000000000000000 ) ) ;
#76 = ORIENTED_EDGE ( 'NONE', *, *, #1126, .F. ) ;
#77 = SURFACE_STYLE_FILL_AREA ( #1108 ) ;
#78 = LINE ( 'NONE', #989, #1095 ) ;
#79 = LINE ( 'NONE', #199, #1401 ) ;
#80 = UNCERTAINTY_MEASURE_WITH_UNIT (LENGTH_MEASURE( 1.000000000000000082E-05 ), #587, 'distance_accuracy_value', 'NONE');
#82 = DIRECTION ( 'NONE',  ( 0.000000000000000000, -0.000000000000000000, -1.000000000000000000 ) ) ;
#81 = PRODUCT_DEFINITION_SHAPE ( 'NONE', 'NONE',  #1482 ) ;
#83 = EDGE_CURVE ( 'NONE', #286, #258, #1105, .T. ) ;
#84 = FACE_OUTER_BOUND ( 'NONE', #705, .T. ) ;
#85 = VECTOR ( 'NONE', #1002, 39.37007874015748854 ) ;
#86 = DIRECTION ( 'NONE',  ( 0.000000000000000000, 0.000000000000000000, 1.000000000000000000 ) ) ;
#87 = VECTOR ( 'NONE', #911, 39.37007874015748143 ) ;
#88 = AXIS2_PLACEMENT_3D ( 'NONE', #1235, #1372, #1020 ) ;
#89 = DIRECTION ( 'NONE',  ( 0.000000000000000000, 1.000000000000000000, 0.000000000000000000 ) ) ;
#90 = DIRECTION ( 'NONE',  ( -2.276539994720219842E-16, -1.000000000000000000, 0.000000000000000000 ) ) ;
#91 = EDGE_LOOP ( 'NONE', ( #97, #1332, #255, #1415 ) ) ;
#92 = DIRECTION ( 'NONE',  ( 0.000000000000000000, 0.000000000000000000, 1.000000000000000000 ) ) ;
#93 = FILL_AREA_STYLE ('',( #569 ) ) ;
#94 = EDGE_LOOP ( 'NONE', ( #1150, #744 ) ) ;
#95 = CARTESIAN_POINT ( 'NONE',  ( 0.1962500000000000355, 0.4949999999999998845, -0.1047499999999999959 ) ) ;
#96 = DIRECTION ( 'NONE',  ( -1.000000000000000000, 0.000000000000000000, 0.000000000000000000 ) ) ;
#97 = ORIENTED_EDGE ( 'NONE', *, *, #633, .F. ) ;
#98 = FACE_OUTER_BOUND ( 'NONE', #349, .T. ) ;
#99 = CARTESIAN_POINT ( 'NONE',  ( -0.07375000000000000999, 0.000000000000000000, 0.009749999999999999986 ) ) ;
#100 = ADVANCED_FACE ( 'NONE', ( #766 ), #1009, .T. ) ;
#101 = DIRECTION ( 'NONE',  ( -1.000000000000000000, 0.000000000000000000, -0.000000000000000000 ) ) ;
#102 = VERTEX_POINT ( 'NONE', #1455 ) ;
#103 = FACE_OUTER_BOUND ( 'NONE', #1285, .T. ) ;
#104 = VECTOR ( 'NONE', #1426, 39.37007874015748143 ) ;
#105 = ORIENTED_EDGE ( 'NONE', *, *, #2, .T. ) ;
#106 = LINE ( 'NONE', #213, #205 ) ;
#107 = EDGE_CURVE ( 'NONE', #221, #439, #857, .T. ) ;
#108 = LENGTH_MEASURE_WITH_UNIT ( LENGTH_MEASURE( 0.02539999999999999897 ), #1255 );
#109 = VECTOR ( 'NONE', #1323, 39.37007874015748143 ) ;
#110 =( GEOMETRIC_REPRESENTATION_CONTEXT ( 3 ) GLOBAL_UNCERTAINTY_ASSIGNED_CONTEXT ( ( #302 ) ) GLOBAL_UNIT_ASSIGNED_CONTEXT ( ( #458, #1230, #1346 ) ) REPRESENTATION_CONTEXT ( 'NONE', 'WORKASPACE' ) );
#111 = CARTESIAN_POINT ( 'NONE',  ( 0.1160000000000000059, -1.420590287010929348E-17, 0.009749999999999999986 ) ) ;
#112 = ORIENTED_EDGE ( 'NONE', *, *, #957, .T. ) ;
#113 = DIRECTION ( 'NONE',  ( -0.000000000000000000, -1.000000000000000000, -0.000000000000000000 ) ) ;
#114 = SHAPE_DEFINITION_REPRESENTATION ( #243, #179 ) ;
#115 = ADVANCED_BREP_SHAPE_REPRESENTATION ( '', ( #1252, #834 ), #668 ) ;
#116 = ORIENTED_EDGE ( 'NONE', *, *, #1217, .F. ) ;
#117 = LINE ( 'NONE', #814, #782 ) ;
#118 = LINE ( 'NONE', #581, #372 ) ;
#119 = EDGE_CURVE ( 'NONE', #265, #102, #1250, .T. ) ;
#120 = EDGE_LOOP ( 'NONE', ( #464, #105, #612, #513 ) ) ;
#121 = SURFACE_STYLE_USAGE ( .BOTH. , #1368 ) ;
#122 = FACE_OUTER_BOUND ( 'NONE', #32, .T. ) ;
#123 = ORIENTED_EDGE ( 'NONE', *, *, #1189, .T. ) ;
#124 = DIRECTION ( 'NONE',  ( -1.000000000000000000, -0.000000000000000000, 0.000000000000000000 ) ) ;
#125 = FACE_OUTER_BOUND ( 'NONE', #120, .T. ) ;
#126 = CARTESIAN_POINT ( 'NONE',  ( 0.08400000000000001910, -1.029236670830561782E-17, 0.009749999999999999986 ) ) ;
#127 = ORIENTED_EDGE ( 'NONE', *, *, #947, .F. ) ;
#128 = DIRECTION ( 'NONE',  ( -0.7071067811865481278, -0.7071067811865469066, 0.000000000000000000 ) ) ;
#129 = EDGE_CURVE ( 'NONE', #238, #36, #1028, .T. ) ;
#130 = LINE ( 'NONE', #605, #1164 ) ;
#131 = ORIENTED_EDGE ( 'NONE', *, *, #1364, .T. ) ;
#132 = AXIS2_PLACEMENT_3D ( 'NONE', #1073, #41, #1047 ) ;
#133 = LINE ( 'NONE', #1058, #447 ) ;
#134 = VECTOR ( 'NONE', #196, 39.37007874015748143 ) ;
#135 = DIRECTION ( 'NONE',  ( 1.000000000000000000, 0.000000000000000000, -0.000000000000000000 ) ) ;
#136 = VECTOR ( 'NONE', #219, 39.37007874015748854 ) ;
#137 = AXIS2_PLACEMENT_3D ( 'NONE', #600, #811, #239 ) ;
#138 = ORIENTED_EDGE ( 'NONE', *, *, #1140, .T. ) ;
#139 = DIRECTION ( 'NONE',  ( 0.000000000000000000, 1.000000000000000000, 5.420333320762428870E-17 ) ) ;
#140 = ORIENTED_EDGE ( 'NONE', *, *, #10, .T. ) ;
#141 = DIRECTION ( 'NONE',  ( -0.000000000000000000, -1.000000000000000000, 0.000000000000000000 ) ) ;
#142 = CARTESIAN_POINT ( 'NONE',  ( -0.1962500000000000355, 0.1299999999999999767, 0.07024999999999996525 ) ) ;
#143 = ORIENTED_EDGE ( 'NONE', *, *, #236, .F. ) ;
#144 = DIRECTION ( 'NONE',  ( 1.185697913916780726E-16, -1.000000000000000000, 0.000000000000000000 ) ) ;
#145 = ORIENTED_EDGE ( 'NONE', *, *, #1446, .F. ) ;
#146 = EDGE_CURVE ( 'NONE', #381, #36, #1257, .T. ) ;
#147 = SURFACE_STYLE_USAGE ( .BOTH. , #850 ) ;
#148 = VERTEX_POINT ( 'NONE', #471 ) ;
#149 = CARTESIAN_POINT ( 'NONE',  ( -0.07375000000000000999, 0.01024999999999998829, -0.009749999999999999986 ) ) ;
#150 = ORIENTED_EDGE ( 'NONE', *, *, #325, .F. ) ;
#151 = ADVANCED_FACE ( 'NONE', ( #1124 ), #1049, .T. ) ;
#152 = FACE_OUTER_BOUND ( 'NONE', #549, .T. ) ;
#153 = VECTOR ( 'NONE', #197, 39.37007874015748143 ) ;
#154 = AXIS2_PLACEMENT_3D ( 'NONE', #746, #89, #1325 ) ;
#155 = ORIENTED_EDGE ( 'NONE', *, *, #800, .F. ) ;
#156 = LINE ( 'NONE', #1319, #662 ) ;
#157 = EDGE_LOOP ( 'NONE', ( #1298, #49, #396, #932 ) ) ;
#158 = SURFACE_STYLE_USAGE ( .BOTH. , #894 ) ;
#159 = CARTESIAN_POINT ( 'NONE',  ( 0.1962500000000000355, 0.4949999999999998845, -0.1047499999999999959 ) ) ;
#160 = ORIENTED_EDGE ( 'NONE', *, *, #492, .T. ) ;
#161 = DIRECTION ( 'NONE',  ( 0.000000000000000000, -0.000000000000000000, -1.000000000000000000 ) ) ;
#162 =( NAMED_UNIT ( * ) PLANE_ANGLE_UNIT ( ) SI_UNIT ( $, .RADIAN. ) );
#163 = ORIENTED_EDGE ( 'NONE', *, *, #1476, .T. ) ;
#164 = DIRECTION ( 'NONE',  ( 0.000000000000000000, 0.000000000000000000, -1.000000000000000000 ) ) ;
#165 = CARTESIAN_POINT ( 'NONE',  ( 0.1262500000000000289, 0.01024999999999997961, 0.009749999999999999986 ) ) ;
#166 = LINE ( 'NONE', #773, #1348 ) ;
#167 = PRODUCT_DEFINITION_CONTEXT ( 'detailed design', #1044, 'design' ) ;
#168 = ADVANCED_FACE ( 'NONE', ( #817 ), #574, .F. ) ;
#169 = DIRECTION ( 'NONE',  ( 0.000000000000000000, -1.000000000000000000, 0.000000000000000000 ) ) ;
#170 = ORIENTED_EDGE ( 'NONE', *, *, #1271, .F. ) ;
#171 = DIRECTION ( 'NONE',  ( 0.000000000000000000, 1.000000000000000000, 0.000000000000000000 ) ) ;
#172 = PRODUCT_DEFINITION_SHAPE ( 'NONE', 'NONE',  #289 ) ;
#173 = CARTESIAN_POINT ( 'NONE',  ( 0.1962500000000000355, 0.4449999999999998956, 0.07024999999999999301 ) ) ;
#174 = CARTESIAN_POINT ( 'NONE',  ( -0.07375000000000000999, 0.01024999999999998829, -0.009749999999999999986 ) ) ;
#175 = CARTESIAN_POINT ( 'NONE',  ( 0.1262500000000000289, 0.1300000000000000044, 0.009749999999999999986 ) ) ;
#176 = AXIS2_PLACEMENT_3D ( 'NONE', #1064, #1270, #135 ) ;
#177 = CARTESIAN_POINT ( 'NONE',  ( 0.07374999999999999611, 0.1300000000000000044, 0.009749999999999999986 ) ) ;
#178 = AXIS2_PLACEMENT_3D ( 'NONE', #967, #1411, #533 ) ;
#179 = SHAPE_REPRESENTATION ( 'MUR840_3', ( #834 ), #502 ) ;
#180 = VECTOR ( 'NONE', #1381, 39.37007874015748143 ) ;
#181 = VERTEX_POINT ( 'NONE', #1366 ) ;
#182 = EDGE_CURVE ( 'NONE', #330, #1472, #1022, .T. ) ;
#183 = DIRECTION ( 'NONE',  ( 0.000000000000000000, 1.000000000000000000, 5.420333320762428870E-17 ) ) ;
#184 = FACE_OUTER_BOUND ( 'NONE', #893, .T. ) ;
#185 = UNCERTAINTY_MEASURE_WITH_UNIT (LENGTH_MEASURE( 1.000000000000000082E-05 ), #1085, 'distance_accuracy_value', 'NONE');
#186 = PRODUCT_DEFINITION ( 'UNKNOWN', '', #1163, #271 ) ;
#187 = PLANE ( 'NONE',  #1159 ) ;
#188 = DIMENSIONAL_EXPONENTS ( 1.000000000000000000, 0.000000000000000000, 0.000000000000000000, 0.000000000000000000, 0.000000000000000000, 0.000000000000000000, 0.000000000000000000 ) ;
#189 = CARTESIAN_POINT ( 'NONE',  ( 0.1962500000000000355, 0.4949999999999998290, -0.05474999999999998618 ) ) ;
#190 = LENGTH_MEASURE_WITH_UNIT ( LENGTH_MEASURE( 0.02539999999999999897 ), #1300 );
#191 = ORIENTED_EDGE ( 'NONE', *, *, #742, .F. ) ;
#192 = FILL_AREA_STYLE_COLOUR ( '', #295 ) ;
#193 = DIRECTION ( 'NONE',  ( -1.000000000000000000, -1.185697913916780726E-16, 0.000000000000000000 ) ) ;
#194 = EDGE_CURVE ( 'NONE', #1386, #326, #936, .T. ) ;
#195 = DIRECTION ( 'NONE',  ( -1.000000000000000000, 2.276539994720219842E-16, 0.000000000000000000 ) ) ;
#196 = DIRECTION ( 'NONE',  ( -0.7071067811865481278, -0.7071067811865469066, 0.000000000000000000 ) ) ;
#197 = DIRECTION ( 'NONE',  ( -2.276539994720219842E-16, -1.000000000000000000, 0.000000000000000000 ) ) ;
#198 = CARTESIAN_POINT ( 'NONE',  ( 0.000000000000000000, 0.6300000000000000044, -0.05474999999999998618 ) ) ;
#199 = CARTESIAN_POINT ( 'NONE',  ( 0.1962500000000000355, 0.1300000000000000044, -0.1047499999999999959 ) ) ;
#200 = DIRECTION ( 'NONE',  ( -0.000000000000000000, -0.000000000000000000, 1.000000000000000000 ) ) ;
#201 = LINE ( 'NONE', #767, #1256 ) ;
#202 = VECTOR ( 'NONE', #436, 39.37007874015748143 ) ;
#203 = PRODUCT_CONTEXT ( 'NONE', #684, 'mechanical' ) ;
#204 = VECTOR ( 'NONE', #1123, 39.37007874015748143 ) ;
#205 = VECTOR ( 'NONE', #1360, 39.37007874015748143 ) ;
#206 = ORIENTED_EDGE ( 'NONE', *, *, #466, .T. ) ;
#207 = CARTESIAN_POINT ( 'NONE',  ( -0.08399999999999999134, 7.659354116148421074E-18, -0.009749999999999999986 ) ) ;
#208 = CARTESIAN_POINT ( 'NONE',  ( 0.1212500000000000661, 0.3449999999999999178, -0.05474999999999998618 ) ) ;
#209 = EDGE_CURVE ( 'NONE', #725, #381, #679, .T. ) ;
#210 = SHAPE_DEFINITION_REPRESENTATION ( #172, #1016 ) ;
#211 = SURFACE_STYLE_FILL_AREA ( #93 ) ;
#212 = VERTEX_POINT ( 'NONE', #314 ) ;
#213 = CARTESIAN_POINT ( 'NONE',  ( -0.1262500000000000289, 0.01024999999999998135, 0.009749999999999999986 ) ) ;
#214 = LINE ( 'NONE', #99, #1477 ) ;
#215 = DIRECTION ( 'NONE',  ( 0.000000000000000000, -1.000000000000000000, -0.000000000000000000 ) ) ;
#216 = ORIENTED_EDGE ( 'NONE', *, *, #530, .T. ) ;
#217 = CARTESIAN_POINT ( 'NONE',  ( 0.1262500000000000289, 0.1300000000000000044, 0.009749999999999999986 ) ) ;
#218 = EDGE_CURVE ( 'NONE', #244, #1193, #1147, .T. ) ;
#219 = DIRECTION ( 'NONE',  ( -0.7071067811865476838, 0.7071067811865472397, 0.000000000000000000 ) ) ;
#220 = CARTESIAN_POINT ( 'NONE',  ( 0.000000000000000000, 0.000000000000000000, 0.009749999999999999986 ) ) ;
#221 = VERTEX_POINT ( 'NONE', #1246 ) ;
#222 =( NAMED_UNIT ( * ) PLANE_ANGLE_UNIT ( ) SI_UNIT ( $, .RADIAN. ) );
#223 = EDGE_CURVE ( 'NONE', #456, #292, #118, .T. ) ;
#224 = VECTOR ( 'NONE', #1437, 39.37007874015748143 ) ;
#225 = LINE ( 'NONE', #1473, #1075 ) ;
#226 = MECHANICAL_DESIGN_GEOMETRIC_PRESENTATION_REPRESENTATION (  '', ( #1007 ), #940 ) ;
#227 = ADVANCED_FACE ( 'NONE', ( #1239 ), #1043, .F. ) ;
#228 = AXIS2_PLACEMENT_3D ( 'NONE', #75, #539, #891 ) ;
#229 = VECTOR ( 'NONE', #332, 39.37007874015748143 ) ;
#230 = CARTESIAN_POINT ( 'NONE',  ( -0.1962499999999999800, 0.7499999999999998890, -0.1047499999999999959 ) ) ;
#231 = VERTEX_POINT ( 'NONE', #237 ) ;
#232 = DIRECTION ( 'NONE',  ( 1.000000000000000000, 0.000000000000000000, -0.000000000000000000 ) ) ;
#233 = CARTESIAN_POINT ( 'NONE',  ( 0.1262500000000000289, 0.1300000000000000044, 0.009749999999999999986 ) ) ;
#234 = ORIENTED_EDGE ( 'NONE', *, *, #383, .T. ) ;
#235 = DIRECTION ( 'NONE',  ( -0.000000000000000000, 1.000000000000000000, 0.000000000000000000 ) ) ;
#236 = EDGE_CURVE ( 'NONE', #311, #1413, #333, .T. ) ;
#237 = CARTESIAN_POINT ( 'NONE',  ( 0.1212500000000000661, 0.3449999999999999178, -0.1047499999999999959 ) ) ;
#238 = VERTEX_POINT ( 'NONE', #796 ) ;
#239 = DIRECTION ( 'NONE',  ( -1.000000000000000000, 0.000000000000000000, -0.000000000000000000 ) ) ;
#240 = EDGE_LOOP ( 'NONE', ( #251, #360, #599, #273 ) ) ;
#241 = DIRECTION ( 'NONE',  ( -7.129039649437011259E-17, 1.000000000000000000, 0.000000000000000000 ) ) ;
#242 = CARTESIAN_POINT ( 'NONE',  ( 0.1212500000000000383, 0.4949999999999998845, -0.1047499999999999959 ) ) ;
#244 = VERTEX_POINT ( 'NONE', #685 ) ;
#243 = PRODUCT_DEFINITION_SHAPE ( 'NONE', 'NONE',  #186 ) ;
#245 = FILL_AREA_STYLE_COLOUR ( '', #297 ) ;
#246 = ORIENTED_EDGE ( 'NONE', *, *, #726, .T. ) ;
#247 = CLOSED_SHELL ( 'NONE', ( #151, #765, #420, #473, #441, #1018, #1146, #62, #1175, #341 ) ) ;
#248 = CARTESIAN_POINT ( 'NONE',  ( -0.1962500000000000355, 0.1300000000000000044, 0.000000000000000000 ) ) ;
#249 = AXIS2_PLACEMENT_3D ( 'NONE', #70, #534, #998 ) ;
#250 = VECTOR ( 'NONE', #282, 39.37007874015748143 ) ;
#251 = ORIENTED_EDGE ( 'NONE', *, *, #182, .F. ) ;
#252 = CARTESIAN_POINT ( 'NONE',  ( 0.1262500000000000289, 0.01024999999999998135, 0.009749999999999999986 ) ) ;
#253 = EDGE_CURVE ( 'NONE', #292, #760, #702, .T. ) ;
#254 = CARTESIAN_POINT ( 'NONE',  ( 0.1962500000000000355, 0.4949999999999998845, -0.05474999999999998618 ) ) ;
#255 = ORIENTED_EDGE ( 'NONE', *, *, #1387, .T. ) ;
#256 = EDGE_CURVE ( 'NONE', #659, #286, #1374, .T. ) ;
#257 = LINE ( 'NONE', #248, #912 ) ;
#258 = VERTEX_POINT ( 'NONE', #15 ) ;
#259 = DIRECTION ( 'NONE',  ( -0.000000000000000000, 0.000000000000000000, -1.000000000000000000 ) ) ;
#260 = EDGE_CURVE ( 'NONE', #1472, #326, #1, .T. ) ;
#261 = ORIENTED_EDGE ( 'NONE', *, *, #119, .T. ) ;
#262 = PLANE ( 'NONE',  #178 ) ;
#263 = SURFACE_STYLE_FILL_AREA ( #359 ) ;
#264 = VERTEX_POINT ( 'NONE', #208 ) ;
#265 = VERTEX_POINT ( 'NONE', #673 ) ;
#266 = CARTESIAN_POINT ( 'NONE',  ( -0.1159999999999999504, -0.4320000000000000506, -0.009749999999999999986 ) ) ;
#267 = ADVANCED_FACE ( 'NONE', ( #1388 ), #486, .F. ) ;
#268 = VECTOR ( 'NONE', #215, 39.37007874015748143 ) ;
#269 = ORIENTED_EDGE ( 'NONE', *, *, #957, .F. ) ;
#270 = CIRCLE ( 'NONE', #249, 0.07574999999999998401 ) ;
#271 = PRODUCT_DEFINITION_CONTEXT ( 'detailed design', #859, 'design' ) ;
#272 = DIRECTION ( 'NONE',  ( 0.000000000000000000, 1.000000000000000000, 0.000000000000000000 ) ) ;
#273 = ORIENTED_EDGE ( 'NONE', *, *, #260, .F. ) ;
#274 = DIRECTION ( 'NONE',  ( -0.7071067811865473507, 0.7071067811865477948, 0.000000000000000000 ) ) ;
#275 = DIRECTION ( 'NONE',  ( 0.000000000000000000, 0.000000000000000000, 1.000000000000000000 ) ) ;
#276 = EDGE_CURVE ( 'NONE', #279, #387, #257, .T. ) ;
#277 = VERTEX_POINT ( 'NONE', #385 ) ;
#278 = FACE_OUTER_BOUND ( 'NONE', #966, .T. ) ;
#279 = VERTEX_POINT ( 'NONE', #142 ) ;
#280 = DIRECTION ( 'NONE',  ( -0.000000000000000000, -1.000000000000000000, -0.000000000000000000 ) ) ;
#281 = CARTESIAN_POINT ( 'NONE',  ( 0.1962500000000000355, 0.4949999999999998290, -0.05475000000000000699 ) ) ;
#282 = DIRECTION ( 'NONE',  ( -7.129039649437011259E-17, -1.000000000000000000, 0.000000000000000000 ) ) ;
#283 = DIRECTION ( 'NONE',  ( 0.000000000000000000, 0.000000000000000000, 1.000000000000000000 ) ) ;
#284 = LINE ( 'NONE', #388, #1347 ) ;
#285 = DIRECTION ( 'NONE',  ( 1.000000000000000000, 0.000000000000000000, 0.000000000000000000 ) ) ;
#286 = VERTEX_POINT ( 'NONE', #1412 ) ;
#287 = CARTESIAN_POINT ( 'NONE',  ( -0.1212500000000000383, 0.000000000000000000, -0.05474999999999998618 ) ) ;
#288 = SHAPE_REPRESENTATION ( 'MUR840', ( #834 ), #1238 ) ;
#289 = PRODUCT_DEFINITION ( 'UNKNOWN', '', #597, #852 ) ;
#290 = DIRECTION ( 'NONE',  ( 1.185697913916780726E-16, -1.000000000000000000, 0.000000000000000000 ) ) ;
#291 = LINE ( 'NONE', #1428, #690 ) ;
#292 = VERTEX_POINT ( 'NONE', #1188 ) ;
#293 = VECTOR ( 'NONE', #1194, 39.37007874015748143 ) ;
#294 = CARTESIAN_POINT ( 'NONE',  ( -0.1262500000000000289, 0.1300000000000000044, -0.009749999999999999986 ) ) ;
#295 = COLOUR_RGB ( '',0.7921568627450980005, 0.8196078431372548767, 0.9333333333333333481 ) ;
#296 = DIRECTION ( 'NONE',  ( 1.000000000000000000, 0.000000000000000000, 0.000000000000000000 ) ) ;
#297 = COLOUR_RGB ( '',0.7921568627450980005, 0.8196078431372548767, 0.9333333333333333481 ) ;
#298 = VERTEX_POINT ( 'NONE', #1292 ) ;
#299 = MANIFOLD_SOLID_BREP ( 'Tab', #781 ) ;
#300 = PLANE ( 'NONE',  #1139 ) ;
#301 = CARTESIAN_POINT ( 'NONE',  ( -0.1212500000000000383, 0.4949999999999998845, -0.05474999999999998618 ) ) ;
#302 = UNCERTAINTY_MEASURE_WITH_UNIT (LENGTH_MEASURE( 1.000000000000000082E-05 ), #458, 'distance_accuracy_value', 'NONE');
#303 = ORIENTED_EDGE ( 'NONE', *, *, #1329, .F. ) ;
#304 = SHAPE_REPRESENTATION_RELATIONSHIP ( 'NONE' , 'NONE' ,  #1069, #382 ) ;
#305 = CARTESIAN_POINT ( 'NONE',  ( 0.1962500000000000355, 0.1300000000000000044, -0.1047499999999999959 ) ) ;
#306 = ORIENTED_EDGE ( 'NONE', *, *, #848, .T. ) ;
#307 = CARTESIAN_POINT ( 'NONE',  ( -0.1262500000000000289, 0.1300000000000000044, 0.009749999999999999986 ) ) ;
#308 = DIRECTION ( 'NONE',  ( 0.000000000000000000, -1.000000000000000000, 0.000000000000000000 ) ) ;
#309 = PRODUCT_CONTEXT ( 'NONE', #455, 'mechanical' ) ;
#310 = LENGTH_MEASURE_WITH_UNIT ( LENGTH_MEASURE( 0.02539999999999999897 ), #5 );
#311 = VERTEX_POINT ( 'NONE', #1382 ) ;
#312 = PLANE ( 'NONE',  #1258 ) ;
#313 = LINE ( 'NONE', #999, #756 ) ;
#314 = CARTESIAN_POINT ( 'NONE',  ( -0.1212500000000000661, 0.3449999999999999178, -0.05474999999999998618 ) ) ;
#315 = AXIS2_PLACEMENT_3D ( 'NONE', #1202, #1430, #975 ) ;
#316 = DIRECTION ( 'NONE',  ( 0.7071067811865476838, 0.7071067811865472397, 0.000000000000000000 ) ) ;
#317 = VECTOR ( 'NONE', #788, 39.37007874015748143 ) ;
#318 = APPLICATION_PROTOCOL_DEFINITION ( 'draft international standard', 'automotive_design', 1998, #1214 ) ;
#319 = CIRCLE ( 'NONE', #1162, 0.07574999999999998401 ) ;
#320 = VECTOR ( 'NONE', #1056, 39.37007874015748143 ) ;
#321 = VECTOR ( 'NONE', #955, 39.37007874015748143 ) ;
#322 = VERTEX_POINT ( 'NONE', #603 ) ;
#323 = DIRECTION ( 'NONE',  ( 1.000000000000000000, -1.185697913916780726E-16, 0.000000000000000000 ) ) ;
#324 = DIRECTION ( 'NONE',  ( 0.000000000000000000, 0.000000000000000000, -1.000000000000000000 ) ) ;
#325 = EDGE_CURVE ( 'NONE', #691, #181, #1277, .T. ) ;
#326 = VERTEX_POINT ( 'NONE', #1077 ) ;
#327 = LINE ( 'NONE', #1456, #85 ) ;
#328 = SHAPE_DEFINITION_REPRESENTATION ( #1067, #288 ) ;
#329 = DIRECTION ( 'NONE',  ( -0.7071067811865476838, -0.7071067811865472397, 0.000000000000000000 ) ) ;
#330 = VERTEX_POINT ( 'NONE', #823 ) ;
#331 = DIRECTION ( 'NONE',  ( 0.000000000000000000, 1.000000000000000000, 0.000000000000000000 ) ) ;
#332 = DIRECTION ( 'NONE',  ( 0.000000000000000000, -1.000000000000000000, -0.000000000000000000 ) ) ;
#333 = LINE ( 'NONE', #563, #593 ) ;
#334 = EDGE_LOOP ( 'NONE', ( #191, #163, #917, #618 ) ) ;
#335 = CARTESIAN_POINT ( 'NONE',  ( -0.08400000000000001910, -1.029236670830561782E-17, 0.009749999999999999986 ) ) ;
#336 = ITEM_DEFINED_TRANSFORMATION ( 'NONE', 'NONE', #228,  #834 ) ;
#337 = LINE ( 'NONE', #577, #478 ) ;
#338 = ORIENTED_EDGE ( 'NONE', *, *, #979, .T. ) ;
#339 = LINE ( 'NONE', #350, #568 ) ;
#340 =( NAMED_UNIT ( * ) SI_UNIT ( $, .STERADIAN. ) SOLID_ANGLE_UNIT ( ) );
#341 = ADVANCED_FACE ( 'NONE', ( #152 ), #734, .F. ) ;
#342 = CARTESIAN_POINT ( 'NONE',  ( 0.08399999999999996358, -0.4320000000000000506, 0.009749999999999999986 ) ) ;
#343 = VERTEX_POINT ( 'NONE', #159 ) ;
#344 = DIRECTION ( 'NONE',  ( 0.000000000000000000, 0.000000000000000000, 1.000000000000000000 ) ) ;
#345 = FACE_OUTER_BOUND ( 'NONE', #1287, .T. ) ;
#346 = AXIS2_PLACEMENT_3D ( 'NONE', #177, #169, #1310 ) ;
#347 = EDGE_CURVE ( 'NONE', #1261, #1371, #962, .T. ) ;
#348 = CLOSED_SHELL ( 'NONE', ( #432, #1183, #771, #1001, #453, #1331, #973, #511, #964, #1393, #537, #733 ) ) ;
#349 = EDGE_LOOP ( 'NONE', ( #949, #741, #170, #714 ) ) ;
#350 = CARTESIAN_POINT ( 'NONE',  ( 0.07374999999999999611, 0.1300000000000000044, -0.009749999999999999986 ) ) ;
#351 = LINE ( 'NONE', #678, #1032 ) ;
#352 = COLOUR_RGB ( '',0.2509803921568627416, 0.2509803921568627416, 0.2509803921568627416 ) ;
#353 = ORIENTED_EDGE ( 'NONE', *, *, #1444, .T. ) ;
#354 = DIRECTION ( 'NONE',  ( -1.339141173364834955E-16, -1.000000000000000000, 0.000000000000000000 ) ) ;
#355 = VERTEX_POINT ( 'NONE', #31 ) ;
#356 =( NAMED_UNIT ( * ) PLANE_ANGLE_UNIT ( ) SI_UNIT ( $, .RADIAN. ) );
#357 = ORIENTED_EDGE ( 'NONE', *, *, #51, .T. ) ;
#358 = LINE ( 'NONE', #805, #1167 ) ;
#359 = FILL_AREA_STYLE ('',( #968 ) ) ;
#360 = ORIENTED_EDGE ( 'NONE', *, *, #761, .T. ) ;
#361 = CARTESIAN_POINT ( 'NONE',  ( 0.000000000000000000, -0.4320000000000000506, 0.009749999999999999986 ) ) ;
#362 = CARTESIAN_POINT ( 'NONE',  ( 0.000000000000000000, 0.000000000000000000, -0.05474999999999998618 ) ) ;
#363 = ORIENTED_EDGE ( 'NONE', *, *, #573, .T. ) ;
#364 = DIRECTION ( 'NONE',  ( -0.000000000000000000, 1.000000000000000000, 0.000000000000000000 ) ) ;
#365 =( REPRESENTATION_RELATIONSHIP ('NONE','NONE', #1016, #288 ) REPRESENTATION_RELATIONSHIP_WITH_TRANSFORMATION ( #785 )SHAPE_REPRESENTATION_RELATIONSHIP( ) );
#366 = ADVANCED_FACE ( 'NONE', ( #621 ), #717, .T. ) ;
#368 = EDGE_LOOP ( 'NONE', ( #1259, #497, #1458, #1019 ) ) ;
#367 = PRODUCT_DEFINITION_SHAPE ( 'NONE', 'NONE',  #881 ) ;
#369 = ADVANCED_FACE ( 'NONE', ( #948 ), #380, .T. ) ;
#370 = CARTESIAN_POINT ( 'NONE',  ( 0.1262500000000000289, 0.01024999999999997961, -0.009749999999999999986 ) ) ;
#371 = ORIENTED_EDGE ( 'NONE', *, *, #107, .F. ) ;
#372 = VECTOR ( 'NONE', #780, 39.37007874015748143 ) ;
#373 = DIRECTION ( 'NONE',  ( -1.339141173364834955E-16, -1.000000000000000000, 0.000000000000000000 ) ) ;
#374 = VECTOR ( 'NONE', #280, 39.37007874015748143 ) ;
#375 = VECTOR ( 'NONE', #580, 39.37007874015748143 ) ;
#376 = VERTEX_POINT ( 'NONE', #1059 ) ;
#377 = CARTESIAN_POINT ( 'NONE',  ( 0.1962500000000000355, 0.4449999999999998956, 0.07024999999999999301 ) ) ;
#378 = EDGE_CURVE ( 'NONE', #1261, #1344, #1170, .T. ) ;
#379 = EDGE_LOOP ( 'NONE', ( #786, #1201, #1269, #510, #1178, #1034, #540, #524 ) ) ;
#380 = PLANE ( 'NONE',  #1394 ) ;
#381 = VERTEX_POINT ( 'NONE', #520 ) ;
#382 = ADVANCED_BREP_SHAPE_REPRESENTATION ( '', ( #810, #834 ), #479 ) ;
#383 = EDGE_CURVE ( 'NONE', #691, #1413, #660, .T. ) ;
#384 = ORIENTED_EDGE ( 'NONE', *, *, #1136, .T. ) ;
#385 = CARTESIAN_POINT ( 'NONE',  ( -0.1262500000000000289, 0.01024999999999997961, -0.009749999999999999986 ) ) ;
#386 = PRODUCT_RELATED_PRODUCT_CATEGORY ( 'part', '', ( #1171 ) ) ;
#387 = VERTEX_POINT ( 'NONE', #883 ) ;
#388 = CARTESIAN_POINT ( 'NONE',  ( 0.1262500000000000289, 0.01024999999999998135, -0.009749999999999999986 ) ) ;
#389 = ORIENTED_EDGE ( 'NONE', *, *, #466, .F. ) ;
#390 = PLANE ( 'NONE',  #754 ) ;
#391 = ADVANCED_FACE ( 'NONE', ( #1304 ), #1096, .F. ) ;
#392 = VECTOR ( 'NONE', #567, 39.37007874015748143 ) ;
#393 = DIRECTION ( 'NONE',  ( -1.000000000000000000, -0.000000000000000000, 0.000000000000000000 ) ) ;
#394 = AXIS2_PLACEMENT_3D ( 'NONE', #454, #1153, #559 ) ;
#395 = VECTOR ( 'NONE', #1174, 39.37007874015748143 ) ;
#396 = ORIENTED_EDGE ( 'NONE', *, *, #1070, .F. ) ;
#397 = VECTOR ( 'NONE', #20, 39.37007874015748143 ) ;
#398 = CARTESIAN_POINT ( 'NONE',  ( 0.07374999999999999611, 0.1299999999999999767, 0.009749999999999999986 ) ) ;
#399 = DIRECTION ( 'NONE',  ( 0.000000000000000000, 0.000000000000000000, 1.000000000000000000 ) ) ;
#400 = ORIENTED_EDGE ( 'NONE', *, *, #869, .F. ) ;
#401 = CARTESIAN_POINT ( 'NONE',  ( 0.1262500000000000289, 0.000000000000000000, 0.009749999999999999986 ) ) ;
#402 = PLANE ( 'NONE',  #1450 ) ;
#403 = CARTESIAN_POINT ( 'NONE',  ( 0.1962500000000000355, 0.1299999999999999767, 0.07024999999999996525 ) ) ;
#404 = LINE ( 'NONE', #50, #565 ) ;
#405 = ORIENTED_EDGE ( 'NONE', *, *, #742, .T. ) ;
#406 = DIRECTION ( 'NONE',  ( -0.7071067811865476838, 0.7071067811865472397, 0.000000000000000000 ) ) ;
#407 = CARTESIAN_POINT ( 'NONE',  ( -0.08399999999999996358, -0.4320000000000000506, 0.009749999999999999986 ) ) ;
#408 = DIRECTION ( 'NONE',  ( -0.000000000000000000, 1.000000000000000000, 0.000000000000000000 ) ) ;
#409 = CARTESIAN_POINT ( 'NONE',  ( -0.1262500000000000289, 0.1300000000000000044, 0.009749999999999999986 ) ) ;
#410 = EDGE_CURVE ( 'NONE', #1060, #428, #762, .T. ) ;
#411 = DIRECTION ( 'NONE',  ( 1.000000000000000000, 0.000000000000000000, 0.000000000000000000 ) ) ;
#412 = EDGE_CURVE ( 'NONE', #343, #1076, #1209, .T. ) ;
#413 = ORIENTED_EDGE ( 'NONE', *, *, #1452, .T. ) ;
#414 = LINE ( 'NONE', #1314, #109 ) ;
#415 = CARTESIAN_POINT ( 'NONE',  ( 0.07574999999999998401, 0.6300000000000000044, -0.05474999999999998618 ) ) ;
#416 = LINE ( 'NONE', #903, #60 ) ;
#417 = LINE ( 'NONE', #529, #202 ) ;
#418 = VECTOR ( 'NONE', #411, 39.37007874015748143 ) ;
#419 = AXIS2_PLACEMENT_3D ( 'NONE', #928, #1129, #1137 ) ;
#420 = ADVANCED_FACE ( 'NONE', ( #982 ), #402, .F. ) ;
#421 = VECTOR ( 'NONE', #141, 39.37007874015748143 ) ;
#422 =( NAMED_UNIT ( * ) PLANE_ANGLE_UNIT ( ) SI_UNIT ( $, .RADIAN. ) );
#423 = PRESENTATION_LAYER_ASSIGNMENT (  '', '', ( #1212 ) ) ;
#424 = ORIENTED_EDGE ( 'NONE', *, *, #1165, .F. ) ;
#425 = LINE ( 'NONE', #1087, #913 ) ;
#426 = DIRECTION ( 'NONE',  ( 0.000000000000000000, -0.000000000000000000, 1.000000000000000000 ) ) ;
#427 = FACE_OUTER_BOUND ( 'NONE', #738, .T. ) ;
#428 = VERTEX_POINT ( 'NONE', #307 ) ;
#429 = DIRECTION ( 'NONE',  ( 0.7071067811865469066, 0.7071067811865481278, -0.000000000000000000 ) ) ;
#430 =( NAMED_UNIT ( * ) SI_UNIT ( $, .STERADIAN. ) SOLID_ANGLE_UNIT ( ) );
#431 =( NAMED_UNIT ( * ) SI_UNIT ( $, .STERADIAN. ) SOLID_ANGLE_UNIT ( ) );
#432 = ADVANCED_FACE ( 'NONE', ( #867 ), #1308, .F. ) ;
#433 = ORIENTED_EDGE ( 'NONE', *, *, #378, .T. ) ;
#434 = CARTESIAN_POINT ( 'NONE',  ( -0.07374999999999999611, 0.1299999999999999767, -0.009749999999999999986 ) ) ;
#435 = LINE ( 'NONE', #1089, #888 ) ;
#436 = DIRECTION ( 'NONE',  ( -0.000000000000000000, -0.000000000000000000, -1.000000000000000000 ) ) ;
#437 = CARTESIAN_POINT ( 'NONE',  ( -0.1262500000000000289, 0.01024999999999998135, 0.009749999999999999986 ) ) ;
#438 = APPLICATION_PROTOCOL_DEFINITION ( 'draft international standard', 'automotive_design', 1998, #997 ) ;
#439 = VERTEX_POINT ( 'NONE', #415 ) ;
#440 = CARTESIAN_POINT ( 'NONE',  ( -0.1262500000000000289, 0.1300000000000000044, -0.009749999999999999986 ) ) ;
#441 = ADVANCED_FACE ( 'NONE', ( #1315 ), #1417, .F. ) ;
#442 = DIRECTION ( 'NONE',  ( -1.000000000000000000, 0.000000000000000000, 0.000000000000000000 ) ) ;
#443 = CARTESIAN_POINT ( 'NONE',  ( 0.1962500000000000355, 0.1300000000000000044, 0.07024999999999996525 ) ) ;
#444 = AXIS2_PLACEMENT_3D ( 'NONE', #798, #654, #1112 ) ;
#445 = VECTOR ( 'NONE', #354, 39.37007874015748143 ) ;
#446 = ITEM_DEFINED_TRANSFORMATION ( 'NONE', 'NONE', #812,  #834 ) ;
#447 = VECTOR ( 'NONE', #23, 39.37007874015748143 ) ;
#448 = AXIS2_PLACEMENT_3D ( 'NONE', #647, #1448, #296 ) ;
#449 = VECTOR ( 'NONE', #1211, 39.37007874015748143 ) ;
#450 = ORIENTED_EDGE ( 'NONE', *, *, #642, .T. ) ;
#451 = CARTESIAN_POINT ( 'NONE',  ( -0.1262500000000000289, 0.01024999999999998135, -0.009749999999999999986 ) ) ;
#452 = DIRECTION ( 'NONE',  ( 1.000000000000000000, 0.000000000000000000, 0.000000000000000000 ) ) ;
#453 = ADVANCED_FACE ( 'NONE', ( #632 ), #972, .F. ) ;
#454 = CARTESIAN_POINT ( 'NONE',  ( 0.000000000000000000, 0.000000000000000000, 0.009749999999999999986 ) ) ;
#455 = APPLICATION_CONTEXT ( 'automotive_design' ) ;
#456 = VERTEX_POINT ( 'NONE', #173 ) ;
#457 = CARTESIAN_POINT ( 'NONE',  ( 0.07375000000000000999, 0.01024999999999998829, 0.009749999999999999986 ) ) ;
#458 =( CONVERSION_BASED_UNIT ( 'INCH', #554 ) LENGTH_UNIT ( ) NAMED_UNIT ( #889 ) );
#459 = PRODUCT_RELATED_PRODUCT_CATEGORY ( 'part', '', ( #1431 ) ) ;
#460 = ORIENTED_EDGE ( 'NONE', *, *, #833, .T. ) ;
#461 = CARTESIAN_POINT ( 'NONE',  ( -0.1962500000000000355, 0.4449999999999998956, 0.07025000000000000688 ) ) ;
#462 = CARTESIAN_POINT ( 'NONE',  ( 0.000000000000000000, 0.6300000000000000044, -0.05474999999999998618 ) ) ;
#463 = CARTESIAN_POINT ( 'NONE',  ( 0.08399999999999996358, -0.4320000000000000506, -0.009749999999999999986 ) ) ;
#464 = ORIENTED_EDGE ( 'NONE', *, *, #492, .F. ) ;
#465 = CARTESIAN_POINT ( 'NONE',  ( 0.1212500000000000661, 0.3449999999999999178, -0.05474999999999998618 ) ) ;
#466 = EDGE_CURVE ( 'NONE', #1305, #428, #78, .T. ) ;
#467 = APPLICATION_PROTOCOL_DEFINITION ( 'draft international standard', 'automotive_design', 1998, #859 ) ;
#468 = LENGTH_MEASURE_WITH_UNIT ( LENGTH_MEASURE( 0.02539999999999999897 ), #1025 );
#469 = ORIENTED_EDGE ( 'NONE', *, *, #256, .T. ) ;
#470 = LINE ( 'NONE', #440, #1236 ) ;
#471 = CARTESIAN_POINT ( 'NONE',  ( 0.07374999999999999611, 0.1299999999999999767, -0.009749999999999999986 ) ) ;
#472 = ORIENTED_EDGE ( 'NONE', *, *, #1452, .F. ) ;
#473 = ADVANCED_FACE ( 'NONE', ( #858 ), #1435, .F. ) ;
#474 = STYLED_ITEM ( 'NONE', ( #721 ), #299 ) ;
#475 = EDGE_LOOP ( 'NONE', ( #1227, #160 ) ) ;
#476 = LINE ( 'NONE', #509, #1054 ) ;
#477 = DIRECTION ( 'NONE',  ( 0.000000000000000000, 0.000000000000000000, 1.000000000000000000 ) ) ;
#478 = VECTOR ( 'NONE', #1040, 39.37007874015748143 ) ;
#479 =( GEOMETRIC_REPRESENTATION_CONTEXT ( 3 ) GLOBAL_UNCERTAINTY_ASSIGNED_CONTEXT ( ( #185 ) ) GLOBAL_UNIT_ASSIGNED_CONTEXT ( ( #1085, #976, #656 ) ) REPRESENTATION_CONTEXT ( 'NONE', 'WORKASPACE' ) );
#480 = DIRECTION ( 'NONE',  ( 1.185697913916780726E-16, 1.000000000000000000, 0.000000000000000000 ) ) ;
#481 = ORIENTED_EDGE ( 'NONE', *, *, #633, .T. ) ;
#482 = FACE_OUTER_BOUND ( 'NONE', #827, .T. ) ;
#483 = ORIENTED_EDGE ( 'NONE', *, *, #1249, .T. ) ;
#484 = CARTESIAN_POINT ( 'NONE',  ( 0.1962500000000000355, 0.000000000000000000, -0.1047499999999999959 ) ) ;
#485 = EDGE_CURVE ( 'NONE', #1296, #265, #643, .T. ) ;
#486 = PLANE ( 'NONE',  #57 ) ;
#487 = ORIENTED_EDGE ( 'NONE', *, *, #69, .T. ) ;
#488 = DIRECTION ( 'NONE',  ( -0.000000000000000000, 1.000000000000000000, 0.000000000000000000 ) ) ;
#489 = LINE ( 'NONE', #11, #320 ) ;
#490 = ORIENTED_EDGE ( 'NONE', *, *, #555, .T. ) ;
#491 = CARTESIAN_POINT ( 'NONE',  ( -0.07375000000000000999, 0.01024999999999998829, 0.009749999999999999986 ) ) ;
#492 = EDGE_CURVE ( 'NONE', #439, #221, #270, .T. ) ;
#493 = CARTESIAN_POINT ( 'NONE',  ( -0.1962500000000000355, 0.4949999999999998845, 0.000000000000000000 ) ) ;
#494 = EDGE_LOOP ( 'NONE', ( #246, #424, #1363, #736 ) ) ;
#495 =( CONVERSION_BASED_UNIT ( 'INCH', #1378 ) LENGTH_UNIT ( ) NAMED_UNIT ( #1355 ) );
#496 = PLANE ( 'NONE',  #137 ) ;
#497 = ORIENTED_EDGE ( 'NONE', *, *, #655, .F. ) ;
#498 = CARTESIAN_POINT ( 'NONE',  ( -0.1962500000000000355, 0.4949999999999998845, -0.1047499999999999959 ) ) ;
#499 = AXIS2_PLACEMENT_3D ( 'NONE', #198, #164, #1088 ) ;
#500 =( NAMED_UNIT ( * ) PLANE_ANGLE_UNIT ( ) SI_UNIT ( $, .RADIAN. ) );
#501 = VECTOR ( 'NONE', #235, 39.37007874015748143 ) ;
#502 =( GEOMETRIC_REPRESENTATION_CONTEXT ( 3 ) GLOBAL_UNCERTAINTY_ASSIGNED_CONTEXT ( ( #1006 ) ) GLOBAL_UNIT_ASSIGNED_CONTEXT ( ( #1306, #162, #629 ) ) REPRESENTATION_CONTEXT ( 'NONE', 'WORKASPACE' ) );
#503 = ADVANCED_FACE ( 'NONE', ( #1441 ), #300, .T. ) ;
#504 = VERTEX_POINT ( 'NONE', #895 ) ;
#505 = ADVANCED_FACE ( 'NONE', ( #1333 ), #770, .T. ) ;
#506 = DIRECTION ( 'NONE',  ( -0.000000000000000000, -0.000000000000000000, -1.000000000000000000 ) ) ;
#507 = APPLICATION_CONTEXT ( 'automotive_design' ) ;
#508 = ORIENTED_EDGE ( 'NONE', *, *, #1281, .F. ) ;
#509 = CARTESIAN_POINT ( 'NONE',  ( -0.1262500000000000289, 0.000000000000000000, 0.009749999999999999986 ) ) ;
#510 = ORIENTED_EDGE ( 'NONE', *, *, #1427, .F. ) ;
#511 = ADVANCED_FACE ( 'NONE', ( #1013 ), #933, .F. ) ;
#512 = CARTESIAN_POINT ( 'NONE',  ( -0.1212500000000000661, 0.000000000000000000, -0.05474999999999998618 ) ) ;
#513 = ORIENTED_EDGE ( 'NONE', *, *, #833, .F. ) ;
#514 = FACE_OUTER_BOUND ( 'NONE', #696, .T. ) ;
#515 = VERTEX_POINT ( 'NONE', #461 ) ;
#516 = DIRECTION ( 'NONE',  ( 1.000000000000000000, 0.000000000000000000, 0.000000000000000000 ) ) ;
#517 =( LENGTH_UNIT ( ) NAMED_UNIT ( * ) SI_UNIT ( $, .METRE. ) );
#518 = VERTEX_POINT ( 'NONE', #207 ) ;
#519 = DIRECTION ( 'NONE',  ( 0.000000000000000000, -1.000000000000000000, -0.000000000000000000 ) ) ;
#520 = CARTESIAN_POINT ( 'NONE',  ( -0.1962499999999999800, 0.4949999999999998845, -0.05474999999999998618 ) ) ;
#521 = DIRECTION ( 'NONE',  ( 0.000000000000000000, 0.000000000000000000, 1.000000000000000000 ) ) ;
#522 = VECTOR ( 'NONE', #1151, 39.37007874015748143 ) ;
#523 = SURFACE_SIDE_STYLE ('',( #211 ) ) ;
#524 = ORIENTED_EDGE ( 'NONE', *, *, #1083, .F. ) ;
#525 =( GEOMETRIC_REPRESENTATION_CONTEXT ( 3 ) GLOBAL_UNCERTAINTY_ASSIGNED_CONTEXT ( ( #885 ) ) GLOBAL_UNIT_ASSIGNED_CONTEXT ( ( #495, #356, #1267 ) ) REPRESENTATION_CONTEXT ( 'NONE', 'WORKASPACE' ) );
#526 = PLANE ( 'NONE',  #956 ) ;
#527 = EDGE_LOOP ( 'NONE', ( #865, #138, #131, #571 ) ) ;
#528 = DIRECTION ( 'NONE',  ( 0.000000000000000000, 5.420333320762428870E-17, -1.000000000000000000 ) ) ;
#529 = CARTESIAN_POINT ( 'NONE',  ( 0.1262500000000000289, 0.01024999999999998135, 0.009749999999999999986 ) ) ;
#530 = EDGE_CURVE ( 'NONE', #43, #585, #106, .T. ) ;
#531 =( REPRESENTATION_RELATIONSHIP ('NONE','NONE', #1016, #1253 ) REPRESENTATION_RELATIONSHIP_WITH_TRANSFORMATION ( #1024 )SHAPE_REPRESENTATION_RELATIONSHIP( ) );
#532 = VERTEX_POINT ( 'NONE', #572 ) ;
#533 = DIRECTION ( 'NONE',  ( -2.276539994720219842E-16, 1.000000000000000000, 0.000000000000000000 ) ) ;
#534 = DIRECTION ( 'NONE',  ( 0.000000000000000000, 0.000000000000000000, -1.000000000000000000 ) ) ;
#535 = DIRECTION ( 'NONE',  ( -1.000000000000000000, -0.000000000000000000, 0.000000000000000000 ) ) ;
#536 = UNCERTAINTY_MEASURE_WITH_UNIT (LENGTH_MEASURE( 1.000000000000000082E-05 ), #900, 'distance_accuracy_value', 'NONE');
#537 = ADVANCED_FACE ( 'NONE', ( #98 ), #778, .F. ) ;
#538 = LINE ( 'NONE', #403, #224 ) ;
#539 = DIRECTION ( 'NONE',  ( 0.000000000000000000, 0.000000000000000000, 1.000000000000000000 ) ) ;
#540 = ORIENTED_EDGE ( 'NONE', *, *, #412, .F. ) ;
#541 =( CONVERSION_BASED_UNIT ( 'INCH', #1081 ) LENGTH_UNIT ( ) NAMED_UNIT ( #1469 ) );
#542 = CARTESIAN_POINT ( 'NONE',  ( -0.1212500000000000383, 0.4949999999999998845, -0.05474999999999998618 ) ) ;
#543 = CARTESIAN_POINT ( 'NONE',  ( 0.1962500000000000355, 0.4949999999999998845, -0.1047499999999999959 ) ) ;
#544 = VERTEX_POINT ( 'NONE', #434 ) ;
#545 = PLANE ( 'NONE',  #731 ) ;
#546 = EDGE_CURVE ( 'NONE', #277, #1060, #470, .T. ) ;
#547 = LENGTH_MEASURE_WITH_UNIT ( LENGTH_MEASURE( 0.02539999999999999897 ), #517 );
#548 = PRODUCT_RELATED_PRODUCT_CATEGORY ( 'part', '', ( #1068 ) ) ;
#549 = EDGE_LOOP ( 'NONE', ( #789, #974, #703, #851, #413, #363, #1078, #1349 ) ) ;
#550 = CARTESIAN_POINT ( 'NONE',  ( 0.000000000000000000, 0.7499999999999998890, -0.05474999999999998618 ) ) ;
#551 = PLANE ( 'NONE',  #638 ) ;
#552 = LINE ( 'NONE', #985, #1184 ) ;
#553 = CARTESIAN_POINT ( 'NONE',  ( 0.1160000000000000059, 0.000000000000000000, 0.009749999999999999986 ) ) ;
#554 = LENGTH_MEASURE_WITH_UNIT ( LENGTH_MEASURE( 0.02539999999999999897 ), #916 );
#555 = EDGE_CURVE ( 'NONE', #376, #1157, #902, .T. ) ;
#556 = PRESENTATION_STYLE_ASSIGNMENT (( #1231 ) ) ;
#557 = CARTESIAN_POINT ( 'NONE',  ( 0.1212500000000000383, 0.1300000000000000044, -0.1047499999999999959 ) ) ;
#558 = DIRECTION ( 'NONE',  ( -1.185697913916780726E-16, 1.000000000000000000, 0.000000000000000000 ) ) ;
#559 = DIRECTION ( 'NONE',  ( 1.000000000000000000, 0.000000000000000000, -0.000000000000000000 ) ) ;
#560 = CONTEXT_DEPENDENT_SHAPE_REPRESENTATION ( #531, #1406 ) ;
#561 = ORIENTED_EDGE ( 'NONE', *, *, #530, .F. ) ;
#562 = CARTESIAN_POINT ( 'NONE',  ( -0.1160000000000000059, -1.420590287010929348E-17, 0.009749999999999999986 ) ) ;
#563 = CARTESIAN_POINT ( 'NONE',  ( -0.1212500000000000661, 0.1300000000000000044, -0.1047499999999999959 ) ) ;
#564 = ADVANCED_FACE ( 'NONE', ( #1340 ), #312, .T. ) ;
#565 = VECTOR ( 'NONE', #516, 39.37007874015748143 ) ;
#566 = EDGE_LOOP ( 'NONE', ( #1279, #353, #1041, #1389 ) ) ;
#567 = DIRECTION ( 'NONE',  ( -0.000000000000000000, -0.000000000000000000, -1.000000000000000000 ) ) ;
#568 = VECTOR ( 'NONE', #804, 39.37007874015748143 ) ;
#569 = FILL_AREA_STYLE_COLOUR ( '', #352 ) ;
#570 = AXIS2_PLACEMENT_3D ( 'NONE', #462, #908, #442 ) ;
#571 = ORIENTED_EDGE ( 'NONE', *, *, #83, .F. ) ;
#572 = CARTESIAN_POINT ( 'NONE',  ( 0.07374999999999999611, 0.01024999999999998829, -0.009749999999999999986 ) ) ;
#573 = EDGE_CURVE ( 'NONE', #1272, #277, #1035, .T. ) ;
#574 = PLANE ( 'NONE',  #419 ) ;
#575 = ORIENTED_EDGE ( 'NONE', *, *, #253, .T. ) ;
#576 = LINE ( 'NONE', #377, #909 ) ;
#577 = CARTESIAN_POINT ( 'NONE',  ( 0.1962500000000000355, 0.4949999999999998845, -0.1047499999999999959 ) ) ;
#578 = ORIENTED_EDGE ( 'NONE', *, *, #921, .F. ) ;
#579 = DIRECTION ( 'NONE',  ( 0.000000000000000000, 1.365923996832131412E-15, -1.000000000000000000 ) ) ;
#580 = DIRECTION ( 'NONE',  ( -0.000000000000000000, -0.000000000000000000, -1.000000000000000000 ) ) ;
#581 = CARTESIAN_POINT ( 'NONE',  ( 0.1962500000000000355, 0.4449999999999998956, 0.07024999999999999301 ) ) ;
#582 = EDGE_CURVE ( 'NONE', #1272, #585, #671, .T. ) ;
#583 = ORIENTED_EDGE ( 'NONE', *, *, #758, .F. ) ;
#584 = CARTESIAN_POINT ( 'NONE',  ( 0.1159999999999999504, -0.4320000000000000506, -0.009749999999999999986 ) ) ;
#585 = VERTEX_POINT ( 'NONE', #1026 ) ;
#586 = LINE ( 'NONE', #266, #1324 ) ;
#587 =( CONVERSION_BASED_UNIT ( 'INCH', #108 ) LENGTH_UNIT ( ) NAMED_UNIT ( #1343 ) );
#588 = DIRECTION ( 'NONE',  ( -0.000000000000000000, 0.000000000000000000, -1.000000000000000000 ) ) ;
#589 = ORIENTED_EDGE ( 'NONE', *, *, #1408, .T. ) ;
#590 = DIRECTION ( 'NONE',  ( 1.000000000000000000, -0.000000000000000000, 0.000000000000000000 ) ) ;
#591 = EDGE_CURVE ( 'NONE', #1371, #231, #1243, .T. ) ;
#592 = LINE ( 'NONE', #698, #1352 ) ;
#593 = VECTOR ( 'NONE', #1466, 39.37007874015748143 ) ;
#594 = STYLED_ITEM ( 'NONE', ( #802 ), #801 ) ;
#595 = ORIENTED_EDGE ( 'NONE', *, *, #33, .T. ) ;
#596 = VECTOR ( 'NONE', #139, 39.37007874015748143 ) ;
#597 = PRODUCT_DEFINITION_FORMATION_WITH_SPECIFIED_SOURCE ( 'ANY', '', #1431, .NOT_KNOWN. ) ;
#598 =( LENGTH_UNIT ( ) NAMED_UNIT ( * ) SI_UNIT ( $, .METRE. ) );
#599 = ORIENTED_EDGE ( 'NONE', *, *, #194, .T. ) ;
#600 = CARTESIAN_POINT ( 'NONE',  ( 0.000000000000000000, 0.000000000000000000, -0.009749999999999999986 ) ) ;
#601 = EDGE_CURVE ( 'NONE', #387, #691, #225, .T. ) ;
#602 = ORIENTED_EDGE ( 'NONE', *, *, #1240, .T. ) ;
#603 = CARTESIAN_POINT ( 'NONE',  ( 0.07574999999999998401, 0.6300000000000000044, -0.1047499999999999959 ) ) ;
#604 = ORIENTED_EDGE ( 'NONE', *, *, #591, .T. ) ;
#605 = CARTESIAN_POINT ( 'NONE',  ( 0.000000000000000000, 0.4949999999999998845, -0.05474999999999998618 ) ) ;
#606 = ORIENTED_EDGE ( 'NONE', *, *, #591, .F. ) ;
#607 = DIRECTION ( 'NONE',  ( -0.000000000000000000, -0.000000000000000000, 1.000000000000000000 ) ) ;
#608 = ADVANCED_FACE ( 'NONE', ( #907 ), #1248, .F. ) ;
#609 = ORIENTED_EDGE ( 'NONE', *, *, #555, .F. ) ;
#610 = EDGE_CURVE ( 'NONE', #1386, #1141, #677, .T. ) ;
#611 = DIRECTION ( 'NONE',  ( -1.000000000000000000, 0.000000000000000000, -0.000000000000000000 ) ) ;
#612 = ORIENTED_EDGE ( 'NONE', *, *, #681, .F. ) ;
#613 = LINE ( 'NONE', #484, #615 ) ;
#614 =( GEOMETRIC_REPRESENTATION_CONTEXT ( 3 ) GLOBAL_UNCERTAINTY_ASSIGNED_CONTEXT ( ( #1442 ) ) GLOBAL_UNIT_ASSIGNED_CONTEXT ( ( #1392, #500, #37 ) ) REPRESENTATION_CONTEXT ( 'NONE', 'WORKASPACE' ) );
#615 = VECTOR ( 'NONE', #364, 39.37007874015748143 ) ;
#616 = EDGE_CURVE ( 'NONE', #322, #623, #59, .T. ) ;
#617 = VECTOR ( 'NONE', #275, 39.37007874015748143 ) ;
#618 = ORIENTED_EDGE ( 'NONE', *, *, #1297, .F. ) ;
#619 = DIRECTION ( 'NONE',  ( 1.000000000000000000, 0.000000000000000000, 0.000000000000000000 ) ) ;
#620 = ORIENTED_EDGE ( 'NONE', *, *, #841, .F. ) ;
#621 = FACE_OUTER_BOUND ( 'NONE', #566, .T. ) ;
#622 = ORIENTED_EDGE ( 'NONE', *, *, #412, .T. ) ;
#623 = VERTEX_POINT ( 'NONE', #926 ) ;
#624 = DIRECTION ( 'NONE',  ( -7.129039649437011259E-17, -1.000000000000000000, 0.000000000000000000 ) ) ;
#625 = CARTESIAN_POINT ( 'NONE',  ( 0.1962500000000000355, 0.4949999999999998845, -0.1047499999999999959 ) ) ;
#626 = CARTESIAN_POINT ( 'NONE',  ( 0.1212500000000000383, 0.4949999999999998845, -0.1047499999999999959 ) ) ;
#627 = CARTESIAN_POINT ( 'NONE',  ( -0.1962500000000000355, 0.4949999999999998290, -0.05474999999999998618 ) ) ;
#628 = LINE ( 'NONE', #512, #1203 ) ;
#629 =( NAMED_UNIT ( * ) SI_UNIT ( $, .STERADIAN. ) SOLID_ANGLE_UNIT ( ) );
#630 = EDGE_CURVE ( 'NONE', #148, #298, #339, .T. ) ;
#631 = ORIENTED_EDGE ( 'NONE', *, *, #655, .T. ) ;
#632 = FACE_OUTER_BOUND ( 'NONE', #769, .T. ) ;
#633 = EDGE_CURVE ( 'NONE', #1157, #725, #7, .T. ) ;
#634 = DIRECTION ( 'NONE',  ( -1.000000000000000000, 0.000000000000000000, -0.000000000000000000 ) ) ;
#635 = AXIS2_PLACEMENT_3D ( 'NONE', #1224, #1128, #1365 ) ;
#636 = AXIS2_PLACEMENT_3D ( 'NONE', #1462, #799, #1143 ) ;
#637 = FACE_OUTER_BOUND ( 'NONE', #854, .T. ) ;
#638 = AXIS2_PLACEMENT_3D ( 'NONE', #650, #521, #1460 ) ;
#639 = LINE ( 'NONE', #1100, #418 ) ;
#640 = DIRECTION ( 'NONE',  ( 0.000000000000000000, 0.000000000000000000, 1.000000000000000000 ) ) ;
#641 = ORIENTED_EDGE ( 'NONE', *, *, #878, .F. ) ;
#642 = EDGE_CURVE ( 'NONE', #532, #148, #117, .T. ) ;
#643 = LINE ( 'NONE', #1102, #980 ) ;
#644 = CARTESIAN_POINT ( 'NONE',  ( -0.1212500000000000522, 0.3449999999999999178, -0.1047499999999999959 ) ) ;
#645 = ORIENTED_EDGE ( 'NONE', *, *, #1370, .T. ) ;
#646 = LINE ( 'NONE', #743, #882 ) ;
#647 = CARTESIAN_POINT ( 'NONE',  ( 0.000000000000000000, 0.000000000000000000, 0.000000000000000000 ) ) ;
#648 = ORIENTED_EDGE ( 'NONE', *, *, #1263, .T. ) ;
#649 = DIRECTION ( 'NONE',  ( 0.000000000000000000, 0.3713906763541034994, -0.9284766908852594147 ) ) ;
#650 = CARTESIAN_POINT ( 'NONE',  ( 0.000000000000000000, 0.000000000000000000, -0.05474999999999998618 ) ) ;
#651 = UNCERTAINTY_MEASURE_WITH_UNIT (LENGTH_MEASURE( 1.000000000000000082E-05 ), #1133, 'distance_accuracy_value', 'NONE');
#652 = APPLICATION_CONTEXT ( 'automotive_design' ) ;
#653 = CARTESIAN_POINT ( 'NONE',  ( 0.1160000000000000059, -1.420590287010929348E-17, -0.009749999999999999986 ) ) ;
#654 = DIRECTION ( 'NONE',  ( 0.000000000000000000, -1.000000000000000000, 0.000000000000000000 ) ) ;
#655 = EDGE_CURVE ( 'NONE', #428, #43, #476, .T. ) ;
#656 =( NAMED_UNIT ( * ) SI_UNIT ( $, .STERADIAN. ) SOLID_ANGLE_UNIT ( ) );
#657 = CARTESIAN_POINT ( 'NONE',  ( -0.08400000000000001910, -1.029236670830561782E-17, -0.009749999999999999986 ) ) ;
#658 = PRODUCT_DEFINITION_SHAPE ( 'NONE', 'NONE',  #1483 ) ;
#659 = VERTEX_POINT ( 'NONE', #1177 ) ;
#660 = LINE ( 'NONE', #625, #293 ) ;
#661 = DIRECTION ( 'NONE',  ( -0.7071067811865476838, 0.7071067811865472397, 0.000000000000000000 ) ) ;
#662 = VECTOR ( 'NONE', #1295, 39.37007874015748143 ) ;
#663 = FACE_BOUND ( 'NONE', #94, .T. ) ;
#664 = EDGE_CURVE ( 'NONE', #244, #504, #586, .T. ) ;
#665 = COLOUR_RGB ( '',0.7921568627450980005, 0.8196078431372548767, 0.9333333333333333481 ) ;
#666 = DIRECTION ( 'NONE',  ( -0.000000000000000000, -1.000000000000000000, -0.000000000000000000 ) ) ;
#667 = VECTOR ( 'NONE', #144, 39.37007874015748143 ) ;
#668 =( GEOMETRIC_REPRESENTATION_CONTEXT ( 3 ) GLOBAL_UNCERTAINTY_ASSIGNED_CONTEXT ( ( #1104 ) ) GLOBAL_UNIT_ASSIGNED_CONTEXT ( ( #541, #422, #430 ) ) REPRESENTATION_CONTEXT ( 'NONE', 'WORKASPACE' ) );
#669 = APPLICATION_PROTOCOL_DEFINITION ( 'draft international standard', 'automotive_design', 1998, #1185 ) ;
#670 = ORIENTED_EDGE ( 'NONE', *, *, #260, .T. ) ;
#671 = LINE ( 'NONE', #562, #204 ) ;
#672 = LINE ( 'NONE', #1361, #375 ) ;
#673 = CARTESIAN_POINT ( 'NONE',  ( 0.1212500000000000661, 0.3449999999999999178, -0.1047499999999999959 ) ) ;
#674 = LINE ( 'NONE', #1222, #710 ) ;
#675 = APPLICATION_PROTOCOL_DEFINITION ( 'draft international standard', 'automotive_design', 1998, #455 ) ;
#676 = ORIENTED_EDGE ( 'NONE', *, *, #1335, .F. ) ;
#677 = LINE ( 'NONE', #918, #136 ) ;
#678 = CARTESIAN_POINT ( 'NONE',  ( -0.1160000000000000059, -1.420590287010929348E-17, -0.009749999999999999986 ) ) ;
#679 = LINE ( 'NONE', #695, #268 ) ;
#680 = ORIENTED_EDGE ( 'NONE', *, *, #1297, .T. ) ;
#681 = EDGE_CURVE ( 'NONE', #623, #322, #319, .T. ) ;
#682 = EDGE_LOOP ( 'NONE', ( #508, #1234, #140, #896 ) ) ;
#683 = DIRECTION ( 'NONE',  ( -0.000000000000000000, -0.000000000000000000, 1.000000000000000000 ) ) ;
#684 = APPLICATION_CONTEXT ( 'automotive_design' ) ;
#685 = CARTESIAN_POINT ( 'NONE',  ( -0.08399999999999996358, -0.4320000000000000506, -0.009749999999999999986 ) ) ;
#686 = ORIENTED_EDGE ( 'NONE', *, *, #1318, .F. ) ;
#687 = DIRECTION ( 'NONE',  ( 0.000000000000000000, 0.000000000000000000, -1.000000000000000000 ) ) ;
#688 = AXIS2_PLACEMENT_3D ( 'NONE', #943, #324, #96 ) ;
#689 = VECTOR ( 'NONE', #519, 39.37007874015748143 ) ;
#690 = VECTOR ( 'NONE', #661, 39.37007874015748854 ) ;
#691 = VERTEX_POINT ( 'NONE', #498 ) ;
#692 = DIRECTION ( 'NONE',  ( -0.7071067811865481278, 0.7071067811865469066, 0.000000000000000000 ) ) ;
#693 = EDGE_CURVE ( 'NONE', #231, #311, #133, .T. ) ;
#694 = CARTESIAN_POINT ( 'NONE',  ( -0.1962500000000000355, 0.4949999999999998845, -0.1047499999999999959 ) ) ;
#695 = CARTESIAN_POINT ( 'NONE',  ( -0.1962499999999999800, 0.000000000000000000, -0.05474999999999998618 ) ) ;
#696 = EDGE_LOOP ( 'NONE', ( #55, #1367, #1307, #686 ) ) ;
#697 = FILL_AREA_STYLE ('',( #245 ) ) ;
#698 = CARTESIAN_POINT ( 'NONE',  ( 0.1212500000000000661, 0.3449999999999999178, -0.05474999999999998618 ) ) ;
#699 = ORIENTED_EDGE ( 'NONE', *, *, #822, .F. ) ;
#700 = CARTESIAN_POINT ( 'NONE',  ( 0.000000000000000000, 0.6300000000000000044, -0.1047499999999999959 ) ) ;
#701 =( NAMED_UNIT ( * ) PLANE_ANGLE_UNIT ( ) SI_UNIT ( $, .RADIAN. ) );
#702 = LINE ( 'NONE', #443, #1117 ) ;
#703 = ORIENTED_EDGE ( 'NONE', *, *, #841, .T. ) ;
#704 = CARTESIAN_POINT ( 'NONE',  ( -0.08399999999999996358, -0.4320000000000000506, -0.009749999999999999986 ) ) ;
#705 = EDGE_LOOP ( 'NONE', ( #150, #1395, #862, #1242, #61 ) ) ;
#706 = CARTESIAN_POINT ( 'NONE',  ( 0.000000000000000000, 0.6300000000000000044, -0.1047499999999999959 ) ) ;
#707 = DIRECTION ( 'NONE',  ( 0.000000000000000000, 1.365923996832131412E-15, -1.000000000000000000 ) ) ;
#708 = ORIENTED_EDGE ( 'NONE', *, *, #485, .T. ) ;
#709 = EDGE_CURVE ( 'NONE', #760, #1092, #613, .T. ) ;
#710 = VECTOR ( 'NONE', #92, 39.37007874015748143 ) ;
#711 = LINE ( 'NONE', #704, #667 ) ;
#712 = VECTOR ( 'NONE', #806, 39.37007874015748143 ) ;
#713 = AXIS2_PLACEMENT_3D ( 'NONE', #1451, #866, #1330 ) ;
#714 = ORIENTED_EDGE ( 'NONE', *, *, #693, .T. ) ;
#715 = AXIS2_PLACEMENT_3D ( 'NONE', #362, #831, #611 ) ;
#716 = MECHANICAL_DESIGN_GEOMETRIC_PRESENTATION_REPRESENTATION (  '', ( #1212 ), #525 ) ;
#717 = PLANE ( 'NONE',  #1206 ) ;
#718 = ORIENTED_EDGE ( 'NONE', *, *, #30, .T. ) ;
#719 = PRODUCT ( 'MUR840_3', 'MUR840_3', '', ( #1468 ) ) ;
#720 = ORIENTED_EDGE ( 'NONE', *, *, #1402, .F. ) ;
#721 = PRESENTATION_STYLE_ASSIGNMENT (( #147 ) ) ;
#722 = EDGE_CURVE ( 'NONE', #298, #929, #836, .T. ) ;
#723 = ORIENTED_EDGE ( 'NONE', *, *, #947, .T. ) ;
#724 = DIRECTION ( 'NONE',  ( 0.000000000000000000, 0.000000000000000000, 1.000000000000000000 ) ) ;
#725 = VERTEX_POINT ( 'NONE', #1404 ) ;
#726 = EDGE_CURVE ( 'NONE', #963, #730, #29, .T. ) ;
#727 = LENGTH_MEASURE_WITH_UNIT ( LENGTH_MEASURE( 0.02539999999999999897 ), #598 );
#728 = ORIENTED_EDGE ( 'NONE', *, *, #722, .T. ) ;
#729 = APPLICATION_CONTEXT ( 'automotive_design' ) ;
#730 = VERTEX_POINT ( 'NONE', #845 ) ;
#731 = AXIS2_PLACEMENT_3D ( 'NONE', #1337, #1011, #687 ) ;
#732 = AXIS2_PLACEMENT_3D ( 'NONE', #1220, #1111, #82 ) ;
#733 = ADVANCED_FACE ( 'NONE', ( #1291 ), #262, .F. ) ;
#734 = PLANE ( 'NONE',  #176 ) ;
#735 = VECTOR ( 'NONE', #329, 39.37007874015748854 ) ;
#736 = ORIENTED_EDGE ( 'NONE', *, *, #816, .F. ) ;
#737 = LINE ( 'NONE', #1438, #1050 ) ;
#738 = EDGE_LOOP ( 'NONE', ( #306, #6, #648, #490, #481, #1380, #723, #405 ) ) ;
#739 = DIRECTION ( 'NONE',  ( 0.000000000000000000, -0.9284766908852594147, -0.3713906763541034994 ) ) ;
#740 = SURFACE_STYLE_FILL_AREA ( #697 ) ;
#741 = ORIENTED_EDGE ( 'NONE', *, *, #1370, .F. ) ;
#742 = EDGE_CURVE ( 'NONE', #1339, #212, #873, .T. ) ;
#743 = CARTESIAN_POINT ( 'NONE',  ( -0.1212500000000000661, 0.4949999999999998845, -0.1047499999999999959 ) ) ;
#744 = ORIENTED_EDGE ( 'NONE', *, *, #616, .T. ) ;
#745 = FACE_OUTER_BOUND ( 'NONE', #1114, .T. ) ;
#746 = CARTESIAN_POINT ( 'NONE',  ( -0.1159999999999999504, -0.4320000000000000506, 0.009749999999999999986 ) ) ;
#747 = DIRECTION ( 'NONE',  ( -1.000000000000000000, 0.000000000000000000, -0.000000000000000000 ) ) ;
#748 = ORIENTED_EDGE ( 'NONE', *, *, #1027, .T. ) ;
#749 = EDGE_CURVE ( 'NONE', #3, #1359, #1416, .T. ) ;
#750 = ORIENTED_EDGE ( 'NONE', *, *, #1263, .F. ) ;
#751 = CARTESIAN_POINT ( 'NONE',  ( 0.08399999999999996358, 0.000000000000000000, 0.009749999999999999986 ) ) ;
#752 = DIRECTION ( 'NONE',  ( 0.000000000000000000, 1.000000000000000000, 0.000000000000000000 ) ) ;
#753 = CARTESIAN_POINT ( 'NONE',  ( 0.1962500000000000355, 0.4949999999999998845, -0.05475000000000004169 ) ) ;
#754 = AXIS2_PLACEMENT_3D ( 'NONE', #856, #1440, #624 ) ;
#755 = DIRECTION ( 'NONE',  ( -0.000000000000000000, 0.000000000000000000, -1.000000000000000000 ) ) ;
#756 = VECTOR ( 'NONE', #747, 39.37007874015748143 ) ;
#757 = CARTESIAN_POINT ( 'NONE',  ( -0.1962500000000000355, 0.4949999999999998845, -0.05474999999999998618 ) ) ;
#758 = EDGE_CURVE ( 'NONE', #277, #43, #1094, .T. ) ;
#759 = CARTESIAN_POINT ( 'NONE',  ( 0.000000000000000000, 0.000000000000000000, 0.000000000000000000 ) ) ;
#760 = VERTEX_POINT ( 'NONE', #305 ) ;
#761 = EDGE_CURVE ( 'NONE', #330, #1386, #996, .T. ) ;
#762 = LINE ( 'NONE', #53, #1138 ) ;
#763 = PLANE ( 'NONE',  #1327 ) ;
#764 = DIMENSIONAL_EXPONENTS ( 1.000000000000000000, 0.000000000000000000, 0.000000000000000000, 0.000000000000000000, 0.000000000000000000, 0.000000000000000000, 0.000000000000000000 ) ;
#765 = ADVANCED_FACE ( 'NONE', ( #514 ), #390, .F. ) ;
#766 = FACE_OUTER_BOUND ( 'NONE', #1065, .T. ) ;
#767 = CARTESIAN_POINT ( 'NONE',  ( 0.1212500000000000383, 0.000000000000000000, -0.05474999999999998618 ) ) ;
#768 = LINE ( 'NONE', #657, #735 ) ;
#769 = EDGE_LOOP ( 'NONE', ( #1086, #846, #1168, #777, #922, #595 ) ) ;
#770 = PLANE ( 'NONE',  #635 ) ;
#771 = ADVANCED_FACE ( 'NONE', ( #988 ), #1303, .F. ) ;
#772 = CARTESIAN_POINT ( 'NONE',  ( -0.1160000000000000059, -1.368919288151580054E-17, -0.009749999999999999986 ) ) ;
#773 = CARTESIAN_POINT ( 'NONE',  ( 0.1962500000000000355, 0.4949999999999998845, 0.000000000000000000 ) ) ;
#774 = PLANE ( 'NONE',  #937 ) ;
#775 = SHAPE_DEFINITION_REPRESENTATION ( #367, #1253 ) ;
#776 =( NAMED_UNIT ( * ) SI_UNIT ( $, .STERADIAN. ) SOLID_ANGLE_UNIT ( ) );
#777 = ORIENTED_EDGE ( 'NONE', *, *, #1027, .F. ) ;
#778 = PLANE ( 'NONE',  #88 ) ;
#779 = LINE ( 'NONE', #1326, #1142 ) ;
#780 = DIRECTION ( 'NONE',  ( -0.000000000000000000, -1.000000000000000000, -5.420333320762428870E-17 ) ) ;
#781 = CLOSED_SHELL ( 'NONE', ( #1457, #1398, #369, #100, #503, #1010, #366, #505, #564, #21, #391, #38 ) ) ;
#782 = VECTOR ( 'NONE', #241, 39.37007874015748143 ) ;
#783 = PRODUCT_DEFINITION_FORMATION_WITH_SPECIFIED_SOURCE ( 'ANY', '', #24, .NOT_KNOWN. ) ;
#784 = AXIS2_PLACEMENT_3D ( 'NONE', #820, #1283, #724 ) ;
#785 = ITEM_DEFINED_TRANSFORMATION ( 'NONE', 'NONE', #1422,  #834 ) ;
#786 = ORIENTED_EDGE ( 'NONE', *, *, #119, .F. ) ;
#787 = DIRECTION ( 'NONE',  ( 1.185697913916780726E-16, 1.000000000000000000, 0.000000000000000000 ) ) ;
#788 = DIRECTION ( 'NONE',  ( 0.000000000000000000, -0.000000000000000000, -1.000000000000000000 ) ) ;
#789 = ORIENTED_EDGE ( 'NONE', *, *, #1318, .T. ) ;
#790 = FACE_OUTER_BOUND ( 'NONE', #1063, .T. ) ;
#791 = EDGE_CURVE ( 'NONE', #311, #1057, #425, .T. ) ;
#792 = ADVANCED_FACE ( 'NONE', ( #745 ), #1216, .F. ) ;
#793 = ORIENTED_EDGE ( 'NONE', *, *, #863, .F. ) ;
#794 = DIRECTION ( 'NONE',  ( 1.000000000000000000, -0.000000000000000000, 0.000000000000000000 ) ) ;
#795 = SHAPE_REPRESENTATION_RELATIONSHIP ( 'NONE' , 'NONE' ,  #288, #1132 ) ;
#796 = CARTESIAN_POINT ( 'NONE',  ( -0.1962499999999999800, 0.7499999999999998890, -0.1047499999999999959 ) ) ;
#797 = ORIENTED_EDGE ( 'NONE', *, *, #223, .F. ) ;
#798 = CARTESIAN_POINT ( 'NONE',  ( -0.07374999999999999611, 0.1300000000000000044, 0.009749999999999999986 ) ) ;
#799 = DIRECTION ( 'NONE',  ( 0.000000000000000000, 0.000000000000000000, 1.000000000000000000 ) ) ;
#800 = EDGE_CURVE ( 'NONE', #1157, #1076, #414, .T. ) ;
#801 = MANIFOLD_SOLID_BREP ( 'Pin 1', #247 ) ;
#802 = PRESENTATION_STYLE_ASSIGNMENT (( #158 ) ) ;
#803 = EDGE_LOOP ( 'NONE', ( #602, #977, #1223, #620 ) ) ;
#804 = DIRECTION ( 'NONE',  ( 1.000000000000000000, 0.000000000000000000, 0.000000000000000000 ) ) ;
#805 = CARTESIAN_POINT ( 'NONE',  ( -0.1962499999999999800, 0.7499999999999998890, -0.05474999999999998618 ) ) ;
#806 = DIRECTION ( 'NONE',  ( 0.000000000000000000, 0.000000000000000000, 1.000000000000000000 ) ) ;
#807 = VECTOR ( 'NONE', #113, 39.37007874015748143 ) ;
#808 = EDGE_LOOP ( 'NONE', ( #1072, #987, #357, #824 ) ) ;
#809 = AXIS2_PLACEMENT_3D ( 'NONE', #63, #528, #183 ) ;
#810 = MANIFOLD_SOLID_BREP ( 'Housing', #348 ) ;
#811 = DIRECTION ( 'NONE',  ( 0.000000000000000000, 0.000000000000000000, -1.000000000000000000 ) ) ;
#812 = AXIS2_PLACEMENT_3D ( 'NONE', #1311, #86, #285 ) ;
#813 = ORIENTED_EDGE ( 'NONE', *, *, #1249, .F. ) ;
#814 = CARTESIAN_POINT ( 'NONE',  ( 0.07375000000000000999, 0.01024999999999998829, -0.009749999999999999986 ) ) ;
#815 = CARTESIAN_POINT ( 'NONE',  ( -0.1160000000000000059, 0.000000000000000000, 0.009749999999999999986 ) ) ;
#816 = EDGE_CURVE ( 'NONE', #963, #518, #768, .T. ) ;
#817 = FACE_OUTER_BOUND ( 'NONE', #527, .T. ) ;
#818 = ORIENTED_EDGE ( 'NONE', *, *, #1427, .T. ) ;
#819 = CARTESIAN_POINT ( 'NONE',  ( 0.000000000000000000, 0.1300000000000000044, 0.009749999999999999986 ) ) ;
#820 = CARTESIAN_POINT ( 'NONE',  ( 0.1159999999999999504, -0.4320000000000000506, 0.009749999999999999986 ) ) ;
#821 = ORIENTED_EDGE ( 'NONE', *, *, #1476, .F. ) ;
#822 = EDGE_CURVE ( 'NONE', #1092, #1371, #337, .T. ) ;
#823 = CARTESIAN_POINT ( 'NONE',  ( 0.08399999999999996358, -0.4320000000000000506, 0.009749999999999999986 ) ) ;
#824 = ORIENTED_EDGE ( 'NONE', *, *, #722, .F. ) ;
#825 = LINE ( 'NONE', #819, #961 ) ;
#826 = CARTESIAN_POINT ( 'NONE',  ( 0.1159999999999999781, -0.4320000000000000506, 0.009749999999999999986 ) ) ;
#827 = EDGE_LOOP ( 'NONE', ( #338, #748, #384, #645 ) ) ;
#828 = PRODUCT_DEFINITION_SHAPE ( 'NONE', 'NONE',  #1480 ) ;
#829 = CARTESIAN_POINT ( 'NONE',  ( 0.1262500000000000289, 0.1300000000000000044, -0.009749999999999999986 ) ) ;
#830 = ORIENTED_EDGE ( 'NONE', *, *, #383, .F. ) ;
#831 = DIRECTION ( 'NONE',  ( 0.000000000000000000, 0.000000000000000000, -1.000000000000000000 ) ) ;
#832 = VECTOR ( 'NONE', #25, 39.37007874015748143 ) ;
#833 = EDGE_CURVE ( 'NONE', #221, #623, #931, .T. ) ;
#834 = AXIS2_PLACEMENT_3D ( 'NONE', #1474, #477, #452 ) ;
#835 = EDGE_LOOP ( 'NONE', ( #1449, #718, #123, #68, #575 ) ) ;
#836 = LINE ( 'NONE', #829, #421 ) ;
#837 = VECTOR ( 'NONE', #408, 39.37007874015748143 ) ;
#838 = CARTESIAN_POINT ( 'NONE',  ( 0.07375000000000000999, 0.01024999999999998829, 0.009749999999999999986 ) ) ;
#839 = EDGE_LOOP ( 'NONE', ( #1148, #18, #76, #1418 ) ) ;
#840 = LINE ( 'NONE', #465, #1284 ) ;
#841 = EDGE_CURVE ( 'NONE', #518, #244, #711, .T. ) ;
#842 = LINE ( 'NONE', #233, #1237 ) ;
#843 = PRODUCT_DEFINITION_SHAPE ( 'NONE', 'NONE',  #74 ) ;
#844 = ORIENTED_EDGE ( 'NONE', *, *, #1271, .T. ) ;
#845 = CARTESIAN_POINT ( 'NONE',  ( -0.07375000000000000999, 0.01024999999999998829, 0.009749999999999999986 ) ) ;
#846 = ORIENTED_EDGE ( 'NONE', *, *, #1189, .F. ) ;
#847 = DIRECTION ( 'NONE',  ( 0.000000000000000000, -1.000000000000000000, 0.000000000000000000 ) ) ;
#848 = EDGE_CURVE ( 'NONE', #212, #264, #1166, .T. ) ;
#849 = EDGE_LOOP ( 'NONE', ( #844, #906, #1082, #604 ) ) ;
#850 = SURFACE_SIDE_STYLE ('',( #263 ) ) ;
#851 = ORIENTED_EDGE ( 'NONE', *, *, #664, .T. ) ;
#852 = PRODUCT_DEFINITION_CONTEXT ( 'detailed design', #1185, 'design' ) ;
#853 = DIRECTION ( 'NONE',  ( -0.000000000000000000, -1.365923996832131412E-15, 1.000000000000000000 ) ) ;
#854 = EDGE_LOOP ( 'NONE', ( #750, #1356, #1187, #578 ) ) ;
#855 = CLOSED_SHELL ( 'NONE', ( #227, #267, #792, #608, #892, #168, #1210, #1204, #1110, #910 ) ) ;
#856 = CARTESIAN_POINT ( 'NONE',  ( -0.07375000000000000999, 0.01024999999999998829, 0.009749999999999999986 ) ) ;
#857 = CIRCLE ( 'NONE', #688, 0.07574999999999998401 ) ;
#858 = FACE_OUTER_BOUND ( 'NONE', #803, .T. ) ;
#859 = APPLICATION_CONTEXT ( 'automotive_design' ) ;
#860 = MECHANICAL_DESIGN_GEOMETRIC_PRESENTATION_REPRESENTATION (  '', ( #594 ), #1186 ) ;
#861 = EDGE_CURVE ( 'NONE', #3, #298, #842, .T. ) ;
#862 = ORIENTED_EDGE ( 'NONE', *, *, #276, .F. ) ;
#863 = EDGE_CURVE ( 'NONE', #279, #515, #1149, .T. ) ;
#864 = PLANE ( 'NONE',  #315 ) ;
#865 = ORIENTED_EDGE ( 'NONE', *, *, #256, .F. ) ;
#866 = DIRECTION ( 'NONE',  ( -0.000000000000000000, 1.000000000000000000, 0.000000000000000000 ) ) ;
#867 = FACE_OUTER_BOUND ( 'NONE', #944, .T. ) ;
#868 = CARTESIAN_POINT ( 'NONE',  ( -0.07374999999999999611, 0.1299999999999999767, 0.009749999999999999986 ) ) ;
#869 = EDGE_CURVE ( 'NONE', #258, #1472, #1062, .T. ) ;
#870 = FACE_OUTER_BOUND ( 'NONE', #379, .T. ) ;
#871 = FACE_OUTER_BOUND ( 'NONE', #835, .T. ) ;
#872 = ORIENTED_EDGE ( 'NONE', *, *, #630, .T. ) ;
#873 = LINE ( 'NONE', #287, #689 ) ;
#874 = CARTESIAN_POINT ( 'NONE',  ( -0.08400000000000001910, -1.029236670830561782E-17, 0.009749999999999999986 ) ) ;
#875 = PLANE ( 'NONE',  #915 ) ;
#876 = DIRECTION ( 'NONE',  ( 1.000000000000000000, 0.000000000000000000, -0.000000000000000000 ) ) ;
#877 = PLANE ( 'NONE',  #1447 ) ;
#878 = EDGE_CURVE ( 'NONE', #1060, #544, #34, .T. ) ;
#879 = SHAPE_REPRESENTATION_RELATIONSHIP ( 'NONE' , 'NONE' ,  #179, #35 ) ;
#880 = ORIENTED_EDGE ( 'NONE', *, *, #761, .F. ) ;
#881 = PRODUCT_DEFINITION ( 'UNKNOWN', '', #783, #167 ) ;
#882 = VECTOR ( 'NONE', #853, 39.37007874015748143 ) ;
#883 = CARTESIAN_POINT ( 'NONE',  ( -0.1962500000000000355, 0.1300000000000000044, -0.1047499999999999959 ) ) ;
#884 = DIRECTION ( 'NONE',  ( 0.000000000000000000, -0.000000000000000000, -1.000000000000000000 ) ) ;
#885 = UNCERTAINTY_MEASURE_WITH_UNIT (LENGTH_MEASURE( 1.000000000000000082E-05 ), #495, 'distance_accuracy_value', 'NONE');
#886 = PRESENTATION_LAYER_ASSIGNMENT (  '', '', ( #1007 ) ) ;
#887 = CARTESIAN_POINT ( 'NONE',  ( 0.1262500000000000289, 0.01024999999999998135, 0.009749999999999999986 ) ) ;
#888 = VECTOR ( 'NONE', #919, 39.37007874015748143 ) ;
#889 = DIMENSIONAL_EXPONENTS ( 1.000000000000000000, 0.000000000000000000, 0.000000000000000000, 0.000000000000000000, 0.000000000000000000, 0.000000000000000000, 0.000000000000000000 ) ;
#890 = PLANE ( 'NONE',  #1470 ) ;
#891 = DIRECTION ( 'NONE',  ( 1.000000000000000000, 0.000000000000000000, 0.000000000000000000 ) ) ;
#892 = ADVANCED_FACE ( 'NONE', ( #1385 ), #1268, .F. ) ;
#893 = EDGE_LOOP ( 'NONE', ( #1180, #1122, #1391, #1003 ) ) ;
#894 = SURFACE_SIDE_STYLE ('',( #77 ) ) ;
#895 = CARTESIAN_POINT ( 'NONE',  ( -0.1159999999999999781, -0.4320000000000000506, -0.009749999999999999986 ) ) ;
#896 = ORIENTED_EDGE ( 'NONE', *, *, #276, .T. ) ;
#897 = CARTESIAN_POINT ( 'NONE',  ( -0.08399999999999996358, -0.4320000000000000506, 0.009749999999999999986 ) ) ;
#898 = APPLICATION_PROTOCOL_DEFINITION ( 'draft international standard', 'automotive_design', 1998, #684 ) ;
#899 = DIMENSIONAL_EXPONENTS ( 1.000000000000000000, 0.000000000000000000, 0.000000000000000000, 0.000000000000000000, 0.000000000000000000, 0.000000000000000000, 0.000000000000000000 ) ;
#900 =( CONVERSION_BASED_UNIT ( 'INCH', #310 ) LENGTH_UNIT ( ) NAMED_UNIT ( #1245 ) );
#901 = ORIENTED_EDGE ( 'NONE', *, *, #10, .F. ) ;
#902 = LINE ( 'NONE', #1262, #501 ) ;
#903 = CARTESIAN_POINT ( 'NONE',  ( -0.1212500000000000661, 0.3449999999999999178, -0.05474999999999998618 ) ) ;
#904 = PLANE ( 'NONE',  #1375 ) ;
#905 = APPLICATION_PROTOCOL_DEFINITION ( 'draft international standard', 'automotive_design', 1998, #1044 ) ;
#906 = ORIENTED_EDGE ( 'NONE', *, *, #1136, .F. ) ;
#907 = FACE_OUTER_BOUND ( 'NONE', #240, .T. ) ;
#908 = DIRECTION ( 'NONE',  ( 0.000000000000000000, 0.000000000000000000, -1.000000000000000000 ) ) ;
#909 = VECTOR ( 'NONE', #590, 39.37007874015748143 ) ;
#910 = ADVANCED_FACE ( 'NONE', ( #345 ), #496, .T. ) ;
#911 = DIRECTION ( 'NONE',  ( 0.000000000000000000, -0.000000000000000000, -1.000000000000000000 ) ) ;
#912 = VECTOR ( 'NONE', #1181, 39.37007874015748143 ) ;
#913 = VECTOR ( 'NONE', #971, 39.37007874015748143 ) ;
#914 = DIRECTION ( 'NONE',  ( -0.7071067811865481278, 0.7071067811865469066, 0.000000000000000000 ) ) ;
#915 = AXIS2_PLACEMENT_3D ( 'NONE', #543, #1316, #1116 ) ;
#916 =( LENGTH_UNIT ( ) NAMED_UNIT ( * ) SI_UNIT ( $, .METRE. ) );
#917 = ORIENTED_EDGE ( 'NONE', *, *, #1154, .T. ) ;
#918 = CARTESIAN_POINT ( 'NONE',  ( 0.08400000000000001910, -1.029236670830561782E-17, 0.009749999999999999986 ) ) ;
#919 = DIRECTION ( 'NONE',  ( 0.000000000000000000, 1.000000000000000000, 0.000000000000000000 ) ) ;
#920 = DIRECTION ( 'NONE',  ( -0.000000000000000000, -0.000000000000000000, -1.000000000000000000 ) ) ;
#921 = EDGE_CURVE ( 'NONE', #376, #343, #1260, .T. ) ;
#922 = ORIENTED_EDGE ( 'NONE', *, *, #1120, .F. ) ;
#923 = CARTESIAN_POINT ( 'NONE',  ( 0.07375000000000000999, 0.01024999999999998829, 0.009749999999999999986 ) ) ;
#924 =( NAMED_UNIT ( * ) PLANE_ANGLE_UNIT ( ) SI_UNIT ( $, .RADIAN. ) );
#925 = ORIENTED_EDGE ( 'NONE', *, *, #601, .T. ) ;
#926 = CARTESIAN_POINT ( 'NONE',  ( -0.07574999999999998401, 0.6300000000000000044, -0.1047499999999999959 ) ) ;
#927 = CARTESIAN_POINT ( 'NONE',  ( 0.1212500000000000383, 0.4949999999999998845, -0.05474999999999998618 ) ) ;
#928 = CARTESIAN_POINT ( 'NONE',  ( 0.1160000000000000059, -1.420590287010929348E-17, 0.009749999999999999986 ) ) ;
#929 = VERTEX_POINT ( 'NONE', #370 ) ;
#930 = PLANE ( 'NONE',  #56 ) ;
#931 = LINE ( 'NONE', #965, #1301 ) ;
#932 = ORIENTED_EDGE ( 'NONE', *, *, #664, .F. ) ;
#933 = PLANE ( 'NONE',  #1421 ) ;
#934 = LINE ( 'NONE', #694, #180 ) ;
#935 = EDGE_CURVE ( 'NONE', #102, #1410, #489, .T. ) ;
#936 = LINE ( 'NONE', #126, #1233 ) ;
#937 = AXIS2_PLACEMENT_3D ( 'NONE', #217, #1131, #344 ) ;
#938 = ORIENTED_EDGE ( 'NONE', *, *, #1120, .T. ) ;
#939 =( LENGTH_UNIT ( ) NAMED_UNIT ( * ) SI_UNIT ( $, .METRE. ) );
#940 =( GEOMETRIC_REPRESENTATION_CONTEXT ( 3 ) GLOBAL_UNCERTAINTY_ASSIGNED_CONTEXT ( ( #536 ) ) GLOBAL_UNIT_ASSIGNED_CONTEXT ( ( #900, #924, #776 ) ) REPRESENTATION_CONTEXT ( 'NONE', 'WORKASPACE' ) );
#941 = ORIENTED_EDGE ( 'NONE', *, *, #921, .T. ) ;
#942 =( LENGTH_UNIT ( ) NAMED_UNIT ( * ) SI_UNIT ( $, .METRE. ) );
#943 = CARTESIAN_POINT ( 'NONE',  ( 0.000000000000000000, 0.6300000000000000044, -0.05474999999999998618 ) ) ;
#944 = EDGE_LOOP ( 'NONE', ( #901, #797, #116, #793 ) ) ;
#945 = DIRECTION ( 'NONE',  ( -1.000000000000000000, 0.000000000000000000, -0.000000000000000000 ) ) ;
#946 = EDGE_LOOP ( 'NONE', ( #303, #112, #261, #1433 ) ) ;
#947 = EDGE_CURVE ( 'NONE', #381, #1339, #130, .T. ) ;
#948 = FACE_OUTER_BOUND ( 'NONE', #946, .T. ) ;
#949 = ORIENTED_EDGE ( 'NONE', *, *, #791, .T. ) ;
#950 = PLANE ( 'NONE',  #715 ) ;
#951 = ORIENTED_EDGE ( 'NONE', *, *, #1070, .T. ) ;
#952 = DIRECTION ( 'NONE',  ( 0.000000000000000000, 0.000000000000000000, 1.000000000000000000 ) ) ;
#953 = DIRECTION ( 'NONE',  ( -1.000000000000000000, 1.339141173364834955E-16, 0.000000000000000000 ) ) ;
#954 = EDGE_LOOP ( 'NONE', ( #1205, #487, #469, #26 ) ) ;
#955 = DIRECTION ( 'NONE',  ( 1.000000000000000000, 0.000000000000000000, -0.000000000000000000 ) ) ;
#956 = AXIS2_PLACEMENT_3D ( 'NONE', #970, #619, #986 ) ;
#957 = EDGE_CURVE ( 'NONE', #264, #265, #592, .T. ) ;
#958 = CARTESIAN_POINT ( 'NONE',  ( 0.000000000000000000, 0.3449999999999999178, -0.05474999999999998618 ) ) ;
#959 = AXIS2_PLACEMENT_3D ( 'NONE', #1145, #323, #787 ) ;
#960 = ORIENTED_EDGE ( 'NONE', *, *, #582, .T. ) ;
#961 = VECTOR ( 'NONE', #1053, 39.37007874015748143 ) ;
#962 = LINE ( 'NONE', #242, #1029 ) ;
#963 = VERTEX_POINT ( 'NONE', #149 ) ;
#964 = ADVANCED_FACE ( 'NONE', ( #482 ), #950, .T. ) ;
#965 = CARTESIAN_POINT ( 'NONE',  ( -0.07574999999999998401, 0.6300000000000000044, -0.05474999999999998618 ) ) ;
#966 = EDGE_LOOP ( 'NONE', ( #28, #483, #1251, #1052 ) ) ;
#967 = CARTESIAN_POINT ( 'NONE',  ( 0.1212500000000000383, 0.4949999999999998845, -0.05474999999999998618 ) ) ;
#968 = FILL_AREA_STYLE_COLOUR ( '', #665 ) ;
#969 = VERTEX_POINT ( 'NONE', #826 ) ;
#970 = CARTESIAN_POINT ( 'NONE',  ( 0.1962500000000000355, 0.000000000000000000, 0.000000000000000000 ) ) ;
#971 = DIRECTION ( 'NONE',  ( 0.000000000000000000, 0.000000000000000000, 1.000000000000000000 ) ) ;
#972 = PLANE ( 'NONE',  #17 ) ;
#973 = ADVANCED_FACE ( 'NONE', ( #122 ), #1274, .F. ) ;
#974 = ORIENTED_EDGE ( 'NONE', *, *, #816, .T. ) ;
#975 = DIRECTION ( 'NONE',  ( -1.185697913916780726E-16, 1.000000000000000000, 0.000000000000000000 ) ) ;
#976 =( NAMED_UNIT ( * ) PLANE_ANGLE_UNIT ( ) SI_UNIT ( $, .RADIAN. ) );
#977 = ORIENTED_EDGE ( 'NONE', *, *, #1226, .F. ) ;
#978 = CARTESIAN_POINT ( 'NONE',  ( -0.1262500000000000289, 0.01024999999999998135, 0.009749999999999999986 ) ) ;
#979 = EDGE_CURVE ( 'NONE', #1057, #995, #628, .T. ) ;
#980 = VECTOR ( 'NONE', #1109, 39.37007874015748143 ) ;
#981 = CONTEXT_DEPENDENT_SHAPE_REPRESENTATION ( #1113, #81 ) ;
#982 = FACE_OUTER_BOUND ( 'NONE', #494, .T. ) ;
#983 = VECTOR ( 'NONE', #27, 39.37007874015748143 ) ;
#984 = DIRECTION ( 'NONE',  ( -0.000000000000000000, 0.000000000000000000, 1.000000000000000000 ) ) ;
#985 = CARTESIAN_POINT ( 'NONE',  ( 0.07574999999999998401, 0.6300000000000000044, -0.05474999999999998618 ) ) ;
#986 = DIRECTION ( 'NONE',  ( 0.000000000000000000, 0.000000000000000000, -1.000000000000000000 ) ) ;
#987 = ORIENTED_EDGE ( 'NONE', *, *, #749, .T. ) ;
#988 = FACE_OUTER_BOUND ( 'NONE', #682, .T. ) ;
#989 = CARTESIAN_POINT ( 'NONE',  ( 0.000000000000000000, 0.1300000000000000044, 0.009749999999999999986 ) ) ;
#990 = CARTESIAN_POINT ( 'NONE',  ( -0.08399999999999999134, 7.659354116148421074E-18, 0.009749999999999999986 ) ) ;
#991 = FACE_OUTER_BOUND ( 'NONE', #368, .T. ) ;
#992 = DIRECTION ( 'NONE',  ( 1.000000000000000000, 0.000000000000000000, 0.000000000000000000 ) ) ;
#993 = EDGE_CURVE ( 'NONE', #1305, #544, #156, .T. ) ;
#994 = CARTESIAN_POINT ( 'NONE',  ( 0.000000000000000000, 0.000000000000000000, 0.000000000000000000 ) ) ;
#995 = VERTEX_POINT ( 'NONE', #58 ) ;
#996 = LINE ( 'NONE', #751, #1282 ) ;
#997 = APPLICATION_CONTEXT ( 'automotive_design' ) ;
#998 = DIRECTION ( 'NONE',  ( -1.000000000000000000, 0.000000000000000000, 0.000000000000000000 ) ) ;
#999 = CARTESIAN_POINT ( 'NONE',  ( 0.000000000000000000, -0.4320000000000000506, 0.009749999999999999986 ) ) ;
#1000 = CARTESIAN_POINT ( 'NONE',  ( -0.1262500000000000289, 0.01024999999999997961, 0.009749999999999999986 ) ) ;
#1001 = ADVANCED_FACE ( 'NONE', ( #871 ), #526, .T. ) ;
#1002 = DIRECTION ( 'NONE',  ( 0.000000000000000000, -0.3713906763541034439, 0.9284766908852594147 ) ) ;
#1003 = ORIENTED_EDGE ( 'NONE', *, *, #236, .T. ) ;
#1004 = DIRECTION ( 'NONE',  ( -1.000000000000000000, 2.276539994720219842E-16, 0.000000000000000000 ) ) ;
#1005 = CARTESIAN_POINT ( 'NONE',  ( 0.1159999999999999504, -0.4320000000000000506, 0.009749999999999999986 ) ) ;
#1006 = UNCERTAINTY_MEASURE_WITH_UNIT (LENGTH_MEASURE( 1.000000000000000082E-05 ), #1306, 'distance_accuracy_value', 'NONE');
#1007 = STYLED_ITEM ( 'NONE', ( #556 ), #810 ) ;
#1008 = PRODUCT_DEFINITION_FORMATION_WITH_SPECIFIED_SOURCE ( 'ANY', '', #1068, .NOT_KNOWN. ) ;
#1009 = PLANE ( 'NONE',  #732 ) ;
#1010 = ADVANCED_FACE ( 'NONE', ( #1414 ), #877, .T. ) ;
#1011 = DIRECTION ( 'NONE',  ( 1.000000000000000000, 0.000000000000000000, 0.000000000000000000 ) ) ;
#1012 = ORIENTED_EDGE ( 'NONE', *, *, #1036, .T. ) ;
#1013 = FACE_OUTER_BOUND ( 'NONE', #1377, .T. ) ;
#1014 = LINE ( 'NONE', #1342, #837 ) ;
#1015 = PLANE ( 'NONE',  #1299 ) ;
#1016 = SHAPE_REPRESENTATION ( 'MBR10100G', ( #636, #1422, #448, #812, #228 ), #110 ) ;
#1017 = LINE ( 'NONE', #1241, #153 ) ;
#1018 = ADVANCED_FACE ( 'NONE', ( #1106 ), #864, .F. ) ;
#1019 = ORIENTED_EDGE ( 'NONE', *, *, #546, .F. ) ;
#1020 = DIRECTION ( 'NONE',  ( 0.000000000000000000, -0.000000000000000000, -1.000000000000000000 ) ) ;
#1021 = CARTESIAN_POINT ( 'NONE',  ( 0.08399999999999996358, -0.4320000000000000506, -0.009749999999999999986 ) ) ;
#1022 = LINE ( 'NONE', #342, #317 ) ;
#1023 = LINE ( 'NONE', #335, #1373 ) ;
#1024 = ITEM_DEFINED_TRANSFORMATION ( 'NONE', 'NONE', #448,  #834 ) ;
#1025 =( LENGTH_UNIT ( ) NAMED_UNIT ( * ) SI_UNIT ( $, .METRE. ) );
#1026 = CARTESIAN_POINT ( 'NONE',  ( -0.1160000000000000059, -1.368919288151580054E-17, 0.009749999999999999986 ) ) ;
#1027 = EDGE_CURVE ( 'NONE', #995, #1261, #1084, .T. ) ;
#1028 = LINE ( 'NONE', #230, #445 ) ;
#1029 = VECTOR ( 'NONE', #707, 39.37007874015748143 ) ;
#1030 = AXIS2_PLACEMENT_3D ( 'NONE', #700, #683, #1479 ) ;
#1031 = ORIENTED_EDGE ( 'NONE', *, *, #1226, .T. ) ;
#1032 = VECTOR ( 'NONE', #558, 39.37007874015748143 ) ;
#1033 = APPLICATION_PROTOCOL_DEFINITION ( 'draft international standard', 'automotive_design', 1998, #729 ) ;
#1034 = ORIENTED_EDGE ( 'NONE', *, *, #1387, .F. ) ;
#1035 = LINE ( 'NONE', #451, #1055 ) ;
#1036 = EDGE_CURVE ( 'NONE', #929, #286, #284, .T. ) ;
#1037 = DIRECTION ( 'NONE',  ( -0.000000000000000000, -0.000000000000000000, -1.000000000000000000 ) ) ;
#1038 = ORIENTED_EDGE ( 'NONE', *, *, #2, .F. ) ;
#1039 = CARTESIAN_POINT ( 'NONE',  ( -0.08400000000000001910, -1.029236670830561782E-17, 0.009749999999999999986 ) ) ;
#1040 = DIRECTION ( 'NONE',  ( -1.000000000000000000, -0.000000000000000000, 0.000000000000000000 ) ) ;
#1041 = ORIENTED_EDGE ( 'NONE', *, *, #129, .T. ) ;
#1042 = CARTESIAN_POINT ( 'NONE',  ( 0.1962500000000000355, 0.4949999999999998845, -0.05474999999999998618 ) ) ;
#1043 = PLANE ( 'NONE',  #1419 ) ;
#1044 = APPLICATION_CONTEXT ( 'automotive_design' ) ;
#1045 = EDGE_LOOP ( 'NONE', ( #22, #880, #676, #1134, #9, #1130, #813, #720 ) ) ;
#1046 = EDGE_CURVE ( 'NONE', #1413, #995, #646, .T. ) ;
#1047 = DIRECTION ( 'NONE',  ( 1.000000000000000000, 0.000000000000000000, -0.000000000000000000 ) ) ;
#1048 = ORIENTED_EDGE ( 'NONE', *, *, #610, .T. ) ;
#1049 = PLANE ( 'NONE',  #394 ) ;
#1050 = VECTOR ( 'NONE', #73, 39.37007874015748143 ) ;
#1051 = VECTOR ( 'NONE', #1328, 39.37007874015748143 ) ;
#1052 = ORIENTED_EDGE ( 'NONE', *, *, #630, .F. ) ;
#1053 = DIRECTION ( 'NONE',  ( 1.000000000000000000, -0.000000000000000000, 0.000000000000000000 ) ) ;
#1054 = VECTOR ( 'NONE', #13, 39.37007874015748143 ) ;
#1055 = VECTOR ( 'NONE', #692, 39.37007874015748143 ) ;
#1056 = DIRECTION ( 'NONE',  ( 0.000000000000000000, -0.000000000000000000, 1.000000000000000000 ) ) ;
#1057 = VERTEX_POINT ( 'NONE', #66 ) ;
#1058 = CARTESIAN_POINT ( 'NONE',  ( 0.1962500000000000355, 0.3449999999999999178, -0.1047499999999999959 ) ) ;
#1059 = CARTESIAN_POINT ( 'NONE',  ( 0.1962500000000000355, 0.4949999999999998845, -0.05474999999999998618 ) ) ;
#1060 = VERTEX_POINT ( 'NONE', #294 ) ;
#1061 = CARTESIAN_POINT ( 'NONE',  ( -0.08399999999999996358, 0.000000000000000000, 0.009749999999999999986 ) ) ;
#1062 = LINE ( 'NONE', #584, #1423 ) ;
#1063 = EDGE_LOOP ( 'NONE', ( #1190, #389, #1439, #641 ) ) ;
#1064 = CARTESIAN_POINT ( 'NONE',  ( 0.000000000000000000, 0.000000000000000000, -0.009749999999999999986 ) ) ;
#1065 = EDGE_LOOP ( 'NONE', ( #46, #680, #708, #269 ) ) ;
#1066 = EDGE_LOOP ( 'NONE', ( #1197, #830, #1144, #938 ) ) ;
#1067 = PRODUCT_DEFINITION_SHAPE ( 'NONE', 'NONE',  #1383 ) ;
#1068 = PRODUCT ( 'MUR840', 'MUR840', '', ( #1358 ) ) ;
#1069 = SHAPE_REPRESENTATION ( 'MUR840_2', ( #834 ), #479 ) ;
#1070 = EDGE_CURVE ( 'NONE', #504, #355, #737, .T. ) ;
#1071 =( REPRESENTATION_RELATIONSHIP ('NONE','NONE', #1016, #179 ) REPRESENTATION_RELATIONSHIP_WITH_TRANSFORMATION ( #336 )SHAPE_REPRESENTATION_RELATIONSHIP( ) );
#1072 = ORIENTED_EDGE ( 'NONE', *, *, #861, .F. ) ;
#1073 = CARTESIAN_POINT ( 'NONE',  ( 0.1962500000000000355, 0.1300000000000000044, -0.1047499999999999959 ) ) ;
#1074 = VECTOR ( 'NONE', #8, 39.37007874015748143 ) ;
#1075 = VECTOR ( 'NONE', #1350, 39.37007874015748143 ) ;
#1076 = VERTEX_POINT ( 'NONE', #1192 ) ;
#1077 = CARTESIAN_POINT ( 'NONE',  ( 0.08399999999999999134, 7.659354116148421074E-18, -0.009749999999999999986 ) ) ;
#1078 = ORIENTED_EDGE ( 'NONE', *, *, #546, .T. ) ;
#1079 = ORIENTED_EDGE ( 'NONE', *, *, #616, .F. ) ;
#1080 = CARTESIAN_POINT ( 'NONE',  ( -0.1962499999999999800, 0.7499999999999998890, -0.05474999999999998618 ) ) ;
#1081 = LENGTH_MEASURE_WITH_UNIT ( LENGTH_MEASURE( 0.02539999999999999897 ), #942 );
#1082 = ORIENTED_EDGE ( 'NONE', *, *, #347, .T. ) ;
#1083 = EDGE_CURVE ( 'NONE', #102, #343, #404, .T. ) ;
#1084 = LINE ( 'NONE', #189, #1232 ) ;
#1085 =( CONVERSION_BASED_UNIT ( 'INCH', #547 ) LENGTH_UNIT ( ) NAMED_UNIT ( #764 ) );
#1086 = ORIENTED_EDGE ( 'NONE', *, *, #1217, .T. ) ;
#1087 = CARTESIAN_POINT ( 'NONE',  ( -0.1212500000000000661, 0.3449999999999999178, -0.05474999999999998618 ) ) ;
#1088 = DIRECTION ( 'NONE',  ( -1.000000000000000000, 0.000000000000000000, 0.000000000000000000 ) ) ;
#1089 = CARTESIAN_POINT ( 'NONE',  ( 0.07375000000000000999, 0.000000000000000000, 0.009749999999999999986 ) ) ;
#1090 = DIRECTION ( 'NONE',  ( 0.000000000000000000, -0.3713906763541034439, 0.9284766908852594147 ) ) ;
#1091 = PRODUCT_DEFINITION_CONTEXT ( 'detailed design', #1214, 'design' ) ;
#1092 = VERTEX_POINT ( 'NONE', #1420 ) ;
#1093 = VECTOR ( 'NONE', #1090, 39.37007874015748854 ) ;
#1094 = LINE ( 'NONE', #978, #1207 ) ;
#1095 = VECTOR ( 'NONE', #393, 39.37007874015748143 ) ;
#1096 = CYLINDRICAL_SURFACE ( 'NONE', #499, 0.07574999999999998401 ) ;
#1097 = CARTESIAN_POINT ( 'NONE',  ( 0.08399999999999999134, 7.659354116148421074E-18, 0.009749999999999999986 ) ) ;
#1098 = VECTOR ( 'NONE', #488, 39.37007874015748143 ) ;
#1099 = CARTESIAN_POINT ( 'NONE',  ( 0.1212500000000000383, 0.4949999999999998845, -0.05474999999999998618 ) ) ;
#1100 = CARTESIAN_POINT ( 'NONE',  ( 0.1962500000000000355, 0.4949999999999998290, -0.05474999999999998618 ) ) ;
#1101 = VERTEX_POINT ( 'NONE', #398 ) ;
#1102 = CARTESIAN_POINT ( 'NONE',  ( -0.1212500000000000661, 0.3449999999999999178, -0.1047499999999999959 ) ) ;
#1103 = LINE ( 'NONE', #64, #42 ) ;
#1104 = UNCERTAINTY_MEASURE_WITH_UNIT (LENGTH_MEASURE( 1.000000000000000082E-05 ), #541, 'distance_accuracy_value', 'NONE');
#1105 = LINE ( 'NONE', #653, #1051 ) ;
#1106 = FACE_OUTER_BOUND ( 'NONE', #52, .T. ) ;
#1107 = ORIENTED_EDGE ( 'NONE', *, *, #83, .T. ) ;
#1108 = FILL_AREA_STYLE ('',( #192 ) ) ;
#1109 = DIRECTION ( 'NONE',  ( 1.000000000000000000, 0.000000000000000000, 0.000000000000000000 ) ) ;
#1110 = ADVANCED_FACE ( 'NONE', ( #278 ), #1196, .F. ) ;
#1111 = DIRECTION ( 'NONE',  ( 0.000000000000000000, -1.000000000000000000, 0.000000000000000000 ) ) ;
#1112 = DIRECTION ( 'NONE',  ( 0.000000000000000000, -0.000000000000000000, -1.000000000000000000 ) ) ;
#1113 =( REPRESENTATION_RELATIONSHIP ('NONE','NONE', #1016, #1069 ) REPRESENTATION_RELATIONSHIP_WITH_TRANSFORMATION ( #446 )SHAPE_REPRESENTATION_RELATIONSHIP( ) );
#1114 = EDGE_LOOP ( 'NONE', ( #1160, #1048, #1384, #1172 ) ) ;
#1115 = CARTESIAN_POINT ( 'NONE',  ( 0.1962500000000000355, 0.4949999999999998845, -0.1047499999999999959 ) ) ;
#1116 = DIRECTION ( 'NONE',  ( 0.000000000000000000, 1.365923996832131412E-15, -1.000000000000000000 ) ) ;
#1117 = VECTOR ( 'NONE', #588, 39.37007874015748143 ) ;
#1118 = EDGE_LOOP ( 'NONE', ( #1403, #589, #206, #631, #216, #1155, #1294, #1031 ) ) ;
#1119 = LINE ( 'NONE', #553, #807 ) ;
#1120 = EDGE_CURVE ( 'NONE', #181, #995, #639, .T. ) ;
#1121 = SHAPE_DEFINITION_REPRESENTATION ( #843, #1069 ) ;
#1122 = ORIENTED_EDGE ( 'NONE', *, *, #979, .F. ) ;
#1123 = DIRECTION ( 'NONE',  ( 0.000000000000000000, 0.000000000000000000, 1.000000000000000000 ) ) ;
#1124 = FACE_OUTER_BOUND ( 'NONE', #1118, .T. ) ;
#1125 = CONTEXT_DEPENDENT_SHAPE_REPRESENTATION ( #365, #828 ) ;
#1126 = EDGE_CURVE ( 'NONE', #148, #1101, #674, .T. ) ;
#1127 = ORIENTED_EDGE ( 'NONE', *, *, #1364, .F. ) ;
#1128 = DIRECTION ( 'NONE',  ( 0.000000000000000000, 1.000000000000000000, 0.000000000000000000 ) ) ;
#1129 = DIRECTION ( 'NONE',  ( -1.000000000000000000, 1.185697913916780726E-16, 0.000000000000000000 ) ) ;
#1130 = ORIENTED_EDGE ( 'NONE', *, *, #749, .F. ) ;
#1131 = DIRECTION ( 'NONE',  ( -1.000000000000000000, 0.000000000000000000, 0.000000000000000000 ) ) ;
#1132 = ADVANCED_BREP_SHAPE_REPRESENTATION ( '', ( #801, #834 ), #1238 ) ;
#1133 =( CONVERSION_BASED_UNIT ( 'INCH', #468 ) LENGTH_UNIT ( ) NAMED_UNIT ( #188 ) );
#1134 = ORIENTED_EDGE ( 'NONE', *, *, #1140, .F. ) ;
#1135 = CARTESIAN_POINT ( 'NONE',  ( -0.1212500000000000661, 0.4949999999999998845, -0.1047499999999999959 ) ) ;
#1136 = EDGE_CURVE ( 'NONE', #1261, #1321, #201, .T. ) ;
#1137 = DIRECTION ( 'NONE',  ( -1.185697913916780726E-16, -1.000000000000000000, 0.000000000000000000 ) ) ;
#1138 = VECTOR ( 'NONE', #426, 39.37007874015748143 ) ;
#1139 = AXIS2_PLACEMENT_3D ( 'NONE', #542, #1004, #1453 ) ;
#1140 = EDGE_CURVE ( 'NONE', #659, #969, #1119, .T. ) ;
#1141 = VERTEX_POINT ( 'NONE', #457 ) ;
#1142 = VECTOR ( 'NONE', #634, 39.37007874015748143 ) ;
#1143 = DIRECTION ( 'NONE',  ( 1.000000000000000000, 0.000000000000000000, 0.000000000000000000 ) ) ;
#1144 = ORIENTED_EDGE ( 'NONE', *, *, #325, .T. ) ;
#1145 = CARTESIAN_POINT ( 'NONE',  ( 0.08399999999999996358, -0.4320000000000000506, 0.009749999999999999986 ) ) ;
#1146 = ADVANCED_FACE ( 'NONE', ( #103 ), #890, .F. ) ;
#1147 = LINE ( 'NONE', #1362, #712 ) ;
#1148 = ORIENTED_EDGE ( 'NONE', *, *, #1169, .F. ) ;
#1149 = LINE ( 'NONE', #1400, #596 ) ;
#1150 = ORIENTED_EDGE ( 'NONE', *, *, #681, .T. ) ;
#1151 = DIRECTION ( 'NONE',  ( 0.000000000000000000, -1.000000000000000000, -0.000000000000000000 ) ) ;
#1152 = DIRECTION ( 'NONE',  ( -0.000000000000000000, 1.000000000000000000, 0.000000000000000000 ) ) ;
#1153 = DIRECTION ( 'NONE',  ( 0.000000000000000000, 0.000000000000000000, 1.000000000000000000 ) ) ;
#1154 = EDGE_CURVE ( 'NONE', #1313, #1296, #1017, .T. ) ;
#1155 = ORIENTED_EDGE ( 'NONE', *, *, #1446, .T. ) ;
#1156 = FACE_OUTER_BOUND ( 'NONE', #954, .T. ) ;
#1157 = VERTEX_POINT ( 'NONE', #1345 ) ;
#1158 = CARTESIAN_POINT ( 'NONE',  ( 0.1212500000000000661, 0.3449999999999999178, -0.05474999999999998618 ) ) ;
#1159 = AXIS2_PLACEMENT_3D ( 'NONE', #1099, #308, #1429 ) ;
#1160 = ORIENTED_EDGE ( 'NONE', *, *, #194, .F. ) ;
#1161 = LINE ( 'NONE', #1061, #1098 ) ;
#1162 = AXIS2_PLACEMENT_3D ( 'NONE', #706, #607, #1276 ) ;
#1163 = PRODUCT_DEFINITION_FORMATION_WITH_SPECIFIED_SOURCE ( 'ANY', '', #719, .NOT_KNOWN. ) ;
#1164 = VECTOR ( 'NONE', #1289, 39.37007874015748143 ) ;
#1165 = EDGE_CURVE ( 'NONE', #1290, #730, #1023, .T. ) ;
#1166 = LINE ( 'NONE', #958, #395 ) ;
#1167 = VECTOR ( 'NONE', #1244, 39.37007874015748143 ) ;
#1168 = ORIENTED_EDGE ( 'NONE', *, *, #378, .F. ) ;
#1169 = EDGE_CURVE ( 'NONE', #1141, #532, #1467, .T. ) ;
#1170 = LINE ( 'NONE', #281, #104 ) ;
#1172 = ORIENTED_EDGE ( 'NONE', *, *, #1341, .F. ) ;
#1171 = PRODUCT ( 'MUR840_2', 'MUR840_2', '', ( #203 ) ) ;
#1173 = LINE ( 'NONE', #1396, #321 ) ;
#1174 = DIRECTION ( 'NONE',  ( 1.000000000000000000, 0.000000000000000000, -0.000000000000000000 ) ) ;
#1175 = ADVANCED_FACE ( 'NONE', ( #790 ), #1357, .F. ) ;
#1176 = ORIENTED_EDGE ( 'NONE', *, *, #693, .F. ) ;
#1177 = CARTESIAN_POINT ( 'NONE',  ( 0.1160000000000000059, -1.368919288151580054E-17, 0.009749999999999999986 ) ) ;
#1178 = ORIENTED_EDGE ( 'NONE', *, *, #129, .F. ) ;
#1179 = CARTESIAN_POINT ( 'NONE',  ( -0.07374999999999999611, 0.1300000000000000044, -0.009749999999999999986 ) ) ;
#1180 = ORIENTED_EDGE ( 'NONE', *, *, #1046, .T. ) ;
#1181 = DIRECTION ( 'NONE',  ( 0.000000000000000000, 0.000000000000000000, -1.000000000000000000 ) ) ;
#1182 = ORIENTED_EDGE ( 'NONE', *, *, #1341, .T. ) ;
#1183 = ADVANCED_FACE ( 'NONE', ( #84 ), #545, .F. ) ;
#1184 = VECTOR ( 'NONE', #1195, 39.37007874015748143 ) ;
#1185 = APPLICATION_CONTEXT ( 'automotive_design' ) ;
#1186 =( GEOMETRIC_REPRESENTATION_CONTEXT ( 3 ) GLOBAL_UNCERTAINTY_ASSIGNED_CONTEXT ( ( #651 ) ) GLOBAL_UNIT_ASSIGNED_CONTEXT ( ( #1133, #222, #431 ) ) REPRESENTATION_CONTEXT ( 'NONE', 'WORKASPACE' ) );
#1187 = ORIENTED_EDGE ( 'NONE', *, *, #1083, .T. ) ;
#1188 = CARTESIAN_POINT ( 'NONE',  ( 0.1962500000000000355, 0.1299999999999999767, 0.07024999999999997913 ) ) ;
#1189 = EDGE_CURVE ( 'NONE', #1344, #456, #327, .T. ) ;
#1190 = ORIENTED_EDGE ( 'NONE', *, *, #410, .T. ) ;
#1191 = PRODUCT_DEFINITION_CONTEXT ( 'detailed design', #507, 'design' ) ;
#1192 = CARTESIAN_POINT ( 'NONE',  ( 0.1962500000000000355, 0.7499999999999998890, -0.1047499999999999959 ) ) ;
#1193 = VERTEX_POINT ( 'NONE', #897 ) ;
#1194 = DIRECTION ( 'NONE',  ( 1.000000000000000000, 0.000000000000000000, 0.000000000000000000 ) ) ;
#1195 = DIRECTION ( 'NONE',  ( 0.000000000000000000, 0.000000000000000000, -1.000000000000000000 ) ) ;
#1196 = PLANE ( 'NONE',  #346 ) ;
#1197 = ORIENTED_EDGE ( 'NONE', *, *, #1046, .F. ) ;
#1198 = CARTESIAN_POINT ( 'NONE',  ( 0.08400000000000001910, -1.029236670830561782E-17, 0.009749999999999999986 ) ) ;
#1199 = CARTESIAN_POINT ( 'NONE',  ( 0.1962500000000000355, 0.4949999999999998290, -0.05474999999999998618 ) ) ;
#1200 = LINE ( 'NONE', #1005, #449 ) ;
#1201 = ORIENTED_EDGE ( 'NONE', *, *, #485, .F. ) ;
#1202 = CARTESIAN_POINT ( 'NONE',  ( -0.1160000000000000059, -1.420590287010929348E-17, 0.009749999999999999986 ) ) ;
#1203 = VECTOR ( 'NONE', #272, 39.37007874015748143 ) ;
#1204 = ADVANCED_FACE ( 'NONE', ( #1445 ), #774, .F. ) ;
#1205 = ORIENTED_EDGE ( 'NONE', *, *, #51, .F. ) ;
#1206 = AXIS2_PLACEMENT_3D ( 'NONE', #1080, #953, #373 ) ;
#1207 = VECTOR ( 'NONE', #47, 39.37007874015748143 ) ;
#1208 = ORIENTED_EDGE ( 'NONE', *, *, #582, .F. ) ;
#1209 = LINE ( 'NONE', #1115, #1322 ) ;
#1210 = ADVANCED_FACE ( 'NONE', ( #1156 ), #930, .F. ) ;
#1211 = DIRECTION ( 'NONE',  ( -0.000000000000000000, -0.000000000000000000, -1.000000000000000000 ) ) ;
#1212 = STYLED_ITEM ( 'NONE', ( #19 ), #1252 ) ;
#1213 = LINE ( 'NONE', #887, #134 ) ;
#1214 = APPLICATION_CONTEXT ( 'automotive_design' ) ;
#1215 = ORIENTED_EDGE ( 'NONE', *, *, #822, .T. ) ;
#1216 = PLANE ( 'NONE',  #1475 ) ;
#1217 = EDGE_CURVE ( 'NONE', #515, #456, #576, .T. ) ;
#1218 = DIRECTION ( 'NONE',  ( -0.7071067811865476838, -0.7071067811865472397, 0.000000000000000000 ) ) ;
#1219 = CARTESIAN_POINT ( 'NONE',  ( 0.1212500000000000661, 0.3449999999999999178, -0.05474999999999998618 ) ) ;
#1220 = CARTESIAN_POINT ( 'NONE',  ( -0.1212500000000000661, 0.3449999999999999178, -0.05474999999999998618 ) ) ;
#1221 = DIMENSIONAL_EXPONENTS ( 1.000000000000000000, 0.000000000000000000, 0.000000000000000000, 0.000000000000000000, 0.000000000000000000, 0.000000000000000000, 0.000000000000000000 ) ;
#1222 = CARTESIAN_POINT ( 'NONE',  ( 0.07374999999999999611, 0.1299999999999999767, 0.009749999999999999986 ) ) ;
#1223 = ORIENTED_EDGE ( 'NONE', *, *, #218, .F. ) ;
#1224 = CARTESIAN_POINT ( 'NONE',  ( 0.1962500000000000355, 0.7499999999999998890, -0.05474999999999998618 ) ) ;
#1225 = DIRECTION ( 'NONE',  ( -1.000000000000000000, -0.000000000000000000, -0.000000000000000000 ) ) ;
#1226 = EDGE_CURVE ( 'NONE', #1193, #1290, #1161, .T. ) ;
#1227 = ORIENTED_EDGE ( 'NONE', *, *, #107, .T. ) ;
#1228 = CONTEXT_DEPENDENT_SHAPE_REPRESENTATION ( #1071, #658 ) ;
#1229 = EDGE_CURVE ( 'NONE', #355, #1193, #1273, .T. ) ;
#1230 =( NAMED_UNIT ( * ) PLANE_ANGLE_UNIT ( ) SI_UNIT ( $, .RADIAN. ) );
#1231 = SURFACE_STYLE_USAGE ( .BOTH. , #523 ) ;
#1232 = VECTOR ( 'NONE', #992, 39.37007874015748143 ) ;
#1233 = VECTOR ( 'NONE', #920, 39.37007874015748143 ) ;
#1234 = ORIENTED_EDGE ( 'NONE', *, *, #253, .F. ) ;
#1235 = CARTESIAN_POINT ( 'NONE',  ( 0.1212500000000000661, 0.3449999999999999178, -0.05474999999999998618 ) ) ;
#1236 = VECTOR ( 'NONE', #331, 39.37007874015748143 ) ;
#1237 = VECTOR ( 'NONE', #506, 39.37007874015748143 ) ;
#1238 =( GEOMETRIC_REPRESENTATION_CONTEXT ( 3 ) GLOBAL_UNCERTAINTY_ASSIGNED_CONTEXT ( ( #80 ) ) GLOBAL_UNIT_ASSIGNED_CONTEXT ( ( #587, #701, #340 ) ) REPRESENTATION_CONTEXT ( 'NONE', 'WORKASPACE' ) );
#1239 = FACE_OUTER_BOUND ( 'NONE', #1045, .T. ) ;
#1240 = EDGE_CURVE ( 'NONE', #518, #1290, #1390, .T. ) ;
#1241 = CARTESIAN_POINT ( 'NONE',  ( -0.1212500000000000383, 0.4949999999999998845, -0.1047499999999999959 ) ) ;
#1242 = ORIENTED_EDGE ( 'NONE', *, *, #863, .T. ) ;
#1243 = LINE ( 'NONE', #557, #522 ) ;
#1244 = DIRECTION ( 'NONE',  ( -0.000000000000000000, -0.000000000000000000, -1.000000000000000000 ) ) ;
#1245 = DIMENSIONAL_EXPONENTS ( 1.000000000000000000, 0.000000000000000000, 0.000000000000000000, 0.000000000000000000, 0.000000000000000000, 0.000000000000000000, 0.000000000000000000 ) ;
#1246 = CARTESIAN_POINT ( 'NONE',  ( -0.07574999999999998401, 0.6300000000000000044, -0.05474999999999998618 ) ) ;
#1247 = ORIENTED_EDGE ( 'NONE', *, *, #709, .F. ) ;
#1248 = PLANE ( 'NONE',  #959 ) ;
#1249 = EDGE_CURVE ( 'NONE', #1101, #3, #825, .T. ) ;
#1250 = LINE ( 'NONE', #1354, #1074 ) ;
#1251 = ORIENTED_EDGE ( 'NONE', *, *, #861, .T. ) ;
#1252 = MANIFOLD_SOLID_BREP ( 'Pin 2', #855 ) ;
#1253 = SHAPE_REPRESENTATION ( 'MUR840_1', ( #834 ), #668 ) ;
#1254 = DIRECTION ( 'NONE',  ( -1.000000000000000000, -0.000000000000000000, 0.000000000000000000 ) ) ;
#1255 =( LENGTH_UNIT ( ) NAMED_UNIT ( * ) SI_UNIT ( $, .METRE. ) );
#1256 = VECTOR ( 'NONE', #666, 39.37007874015748143 ) ;
#1257 = LINE ( 'NONE', #1478, #87 ) ;
#1258 = AXIS2_PLACEMENT_3D ( 'NONE', #1042, #794, #1464 ) ;
#1259 = ORIENTED_EDGE ( 'NONE', *, *, #758, .T. ) ;
#1260 = LINE ( 'NONE', #254, #983 ) ;
#1261 = VERTEX_POINT ( 'NONE', #1280 ) ;
#1262 = CARTESIAN_POINT ( 'NONE',  ( 0.1962500000000000355, 0.000000000000000000, -0.05474999999999998618 ) ) ;
#1263 = EDGE_CURVE ( 'NONE', #1410, #376, #1173, .T. ) ;
#1264 = CYLINDRICAL_SURFACE ( 'NONE', #570, 0.07574999999999998401 ) ;
#1265 = DIRECTION ( 'NONE',  ( 0.000000000000000000, 0.000000000000000000, -1.000000000000000000 ) ) ;
#1266 = EDGE_LOOP ( 'NONE', ( #609, #941, #622, #155 ) ) ;
#1267 =( NAMED_UNIT ( * ) SI_UNIT ( $, .STERADIAN. ) SOLID_ANGLE_UNIT ( ) );
#1268 = PLANE ( 'NONE',  #784 ) ;
#1269 = ORIENTED_EDGE ( 'NONE', *, *, #1154, .F. ) ;
#1270 = DIRECTION ( 'NONE',  ( 0.000000000000000000, 0.000000000000000000, 1.000000000000000000 ) ) ;
#1271 = EDGE_CURVE ( 'NONE', #231, #1321, #840, .T. ) ;
#1272 = VERTEX_POINT ( 'NONE', #772 ) ;
#1273 = LINE ( 'NONE', #361, #1353 ) ;
#1274 = PLANE ( 'NONE',  #132 ) ;
#1275 = ORIENTED_EDGE ( 'NONE', *, *, #182, .T. ) ;
#1276 = DIRECTION ( 'NONE',  ( -1.000000000000000000, 0.000000000000000000, 0.000000000000000000 ) ) ;
#1277 = LINE ( 'NONE', #493, #832 ) ;
#1278 = PRESENTATION_LAYER_ASSIGNMENT (  '', '', ( #474 ) ) ;
#1279 = ORIENTED_EDGE ( 'NONE', *, *, #209, .F. ) ;
#1280 = CARTESIAN_POINT ( 'NONE',  ( 0.1212500000000000383, 0.4949999999999998845, -0.05474999999999999312 ) ) ;
#1281 = EDGE_CURVE ( 'NONE', #760, #387, #79, .T. ) ;
#1282 = VECTOR ( 'NONE', #171, 39.37007874015748143 ) ;
#1283 = DIRECTION ( 'NONE',  ( 0.000000000000000000, 1.000000000000000000, -0.000000000000000000 ) ) ;
#1284 = VECTOR ( 'NONE', #984, 39.37007874015748143 ) ;
#1285 = EDGE_LOOP ( 'NONE', ( #960, #561, #583, #1407 ) ) ;
#1286 = DIRECTION ( 'NONE',  ( -7.129039649437011259E-17, 1.000000000000000000, 0.000000000000000000 ) ) ;
#1287 = EDGE_LOOP ( 'NONE', ( #670, #1182, #450, #872, #728, #1012, #1107, #1443 ) ) ;
#1288 = DIRECTION ( 'NONE',  ( -0.7071067811865469066, 0.7071067811865481278, 0.000000000000000000 ) ) ;
#1289 = DIRECTION ( 'NONE',  ( 1.000000000000000000, 0.000000000000000000, -0.000000000000000000 ) ) ;
#1290 = VERTEX_POINT ( 'NONE', #990 ) ;
#1291 = FACE_OUTER_BOUND ( 'NONE', #849, .T. ) ;
#1292 = CARTESIAN_POINT ( 'NONE',  ( 0.1262500000000000289, 0.1300000000000000044, -0.009749999999999999986 ) ) ;
#1293 = PRODUCT_RELATED_PRODUCT_CATEGORY ( 'part', '', ( #24 ) ) ;
#1294 = ORIENTED_EDGE ( 'NONE', *, *, #1229, .T. ) ;
#1295 = DIRECTION ( 'NONE',  ( -0.000000000000000000, -0.000000000000000000, -1.000000000000000000 ) ) ;
#1296 = VERTEX_POINT ( 'NONE', #644 ) ;
#1297 = EDGE_CURVE ( 'NONE', #212, #1296, #416, .T. ) ;
#1298 = ORIENTED_EDGE ( 'NONE', *, *, #218, .T. ) ;
#1299 = AXIS2_PLACEMENT_3D ( 'NONE', #1309, #283, #1461 ) ;
#1300 =( LENGTH_UNIT ( ) NAMED_UNIT ( * ) SI_UNIT ( $, .METRE. ) );
#1301 = VECTOR ( 'NONE', #1379, 39.37007874015748143 ) ;
#1302 = ORIENTED_EDGE ( 'NONE', *, *, #30, .F. ) ;
#1303 = PLANE ( 'NONE',  #713 ) ;
#1304 = FACE_OUTER_BOUND ( 'NONE', #1317, .T. ) ;
#1305 = VERTEX_POINT ( 'NONE', #868 ) ;
#1306 =( CONVERSION_BASED_UNIT ( 'INCH', #190 ) LENGTH_UNIT ( ) NAMED_UNIT ( #1221 ) );
#1307 = ORIENTED_EDGE ( 'NONE', *, *, #726, .F. ) ;
#1308 = PLANE ( 'NONE',  #809 ) ;
#1309 = CARTESIAN_POINT ( 'NONE',  ( 0.000000000000000000, 0.000000000000000000, -0.1047499999999999959 ) ) ;
#1310 = DIRECTION ( 'NONE',  ( 0.000000000000000000, -0.000000000000000000, -1.000000000000000000 ) ) ;
#1311 = CARTESIAN_POINT ( 'NONE',  ( 0.000000000000000000, 0.000000000000000000, 0.000000000000000000 ) ) ;
#1312 = PRODUCT_RELATED_PRODUCT_CATEGORY ( 'part', '', ( #719 ) ) ;
#1313 = VERTEX_POINT ( 'NONE', #1454 ) ;
#1314 = CARTESIAN_POINT ( 'NONE',  ( 0.1962500000000000355, 0.7499999999999998890, -0.05474999999999998618 ) ) ;
#1315 = FACE_OUTER_BOUND ( 'NONE', #157, .T. ) ;
#1316 = DIRECTION ( 'NONE',  ( 0.000000000000000000, -1.000000000000000000, -1.365923996832131412E-15 ) ) ;
#1317 = EDGE_LOOP ( 'NONE', ( #1038, #371, #460, #1079 ) ) ;
#1318 = EDGE_CURVE ( 'NONE', #544, #963, #71, .T. ) ;
#1319 = CARTESIAN_POINT ( 'NONE',  ( -0.07374999999999999611, 0.1299999999999999767, 0.009749999999999999986 ) ) ;
#1320 = DIRECTION ( 'NONE',  ( 1.000000000000000000, 0.000000000000000000, 0.000000000000000000 ) ) ;
#1321 = VERTEX_POINT ( 'NONE', #1219 ) ;
#1322 = VECTOR ( 'NONE', #752, 39.37007874015748143 ) ;
#1323 = DIRECTION ( 'NONE',  ( -0.000000000000000000, 0.000000000000000000, -1.000000000000000000 ) ) ;
#1324 = VECTOR ( 'NONE', #124, 39.37007874015748143 ) ;
#1325 = DIRECTION ( 'NONE',  ( 0.000000000000000000, -0.000000000000000000, 1.000000000000000000 ) ) ;
#1326 = CARTESIAN_POINT ( 'NONE',  ( 0.000000000000000000, 0.3449999999999999178, -0.05474999999999998618 ) ) ;
#1327 = AXIS2_PLACEMENT_3D ( 'NONE', #301, #195, #90 ) ;
#1328 = DIRECTION ( 'NONE',  ( -1.185697913916780726E-16, -1.000000000000000000, 0.000000000000000000 ) ) ;
#1329 = EDGE_CURVE ( 'NONE', #264, #1410, #1014, .T. ) ;
#1330 = DIRECTION ( 'NONE',  ( 0.000000000000000000, -0.000000000000000000, 1.000000000000000000 ) ) ;
#1331 = ADVANCED_FACE ( 'NONE', ( #54 ), #875, .F. ) ;
#1332 = ORIENTED_EDGE ( 'NONE', *, *, #800, .T. ) ;
#1333 = FACE_OUTER_BOUND ( 'NONE', #91, .T. ) ;
#1334 = FACE_BOUND ( 'NONE', #475, .T. ) ;
#1335 = EDGE_CURVE ( 'NONE', #969, #330, #313, .T. ) ;
#1336 = EDGE_LOOP ( 'NONE', ( #127, #39, #818, #821 ) ) ;
#1337 = CARTESIAN_POINT ( 'NONE',  ( -0.1962500000000000355, 0.000000000000000000, 0.000000000000000000 ) ) ;
#1338 = APPLICATION_PROTOCOL_DEFINITION ( 'draft international standard', 'automotive_design', 1998, #507 ) ;
#1339 = VERTEX_POINT ( 'NONE', #1436 ) ;
#1340 = FACE_OUTER_BOUND ( 'NONE', #1266, .T. ) ;
#1341 = EDGE_CURVE ( 'NONE', #326, #532, #291, .T. ) ;
#1342 = CARTESIAN_POINT ( 'NONE',  ( 0.1212500000000000661, 0.000000000000000000, -0.05474999999999998618 ) ) ;
#1343 = DIMENSIONAL_EXPONENTS ( 1.000000000000000000, 0.000000000000000000, 0.000000000000000000, 0.000000000000000000, 0.000000000000000000, 0.000000000000000000, 0.000000000000000000 ) ;
#1344 = VERTEX_POINT ( 'NONE', #753 ) ;
#1345 = CARTESIAN_POINT ( 'NONE',  ( 0.1962500000000000355, 0.7499999999999998890, -0.05474999999999998618 ) ) ;
#1346 =( NAMED_UNIT ( * ) SI_UNIT ( $, .STERADIAN. ) SOLID_ANGLE_UNIT ( ) );
#1347 = VECTOR ( 'NONE', #1409, 39.37007874015748143 ) ;
#1348 = VECTOR ( 'NONE', #200, 39.37007874015748143 ) ;
#1349 = ORIENTED_EDGE ( 'NONE', *, *, #878, .T. ) ;
#1350 = DIRECTION ( 'NONE',  ( -0.000000000000000000, 1.000000000000000000, 0.000000000000000000 ) ) ;
#1351 = VECTOR ( 'NONE', #952, 39.37007874015748143 ) ;
#1352 = VECTOR ( 'NONE', #259, 39.37007874015748143 ) ;
#1353 = VECTOR ( 'NONE', #232, 39.37007874015748143 ) ;
#1354 = CARTESIAN_POINT ( 'NONE',  ( 0.1212500000000000661, 0.3449999999999999178, -0.1047499999999999959 ) ) ;
#1355 = DIMENSIONAL_EXPONENTS ( 1.000000000000000000, 0.000000000000000000, 0.000000000000000000, 0.000000000000000000, 0.000000000000000000, 0.000000000000000000, 0.000000000000000000 ) ;
#1356 = ORIENTED_EDGE ( 'NONE', *, *, #935, .F. ) ;
#1357 = PLANE ( 'NONE',  #444 ) ;
#1358 = PRODUCT_CONTEXT ( 'NONE', #729, 'mechanical' ) ;
#1359 = VERTEX_POINT ( 'NONE', #165 ) ;
#1360 = DIRECTION ( 'NONE',  ( 0.7071067811865481278, -0.7071067811865469066, 0.000000000000000000 ) ) ;
#1361 = CARTESIAN_POINT ( 'NONE',  ( -0.1212500000000000383, 0.4949999999999998845, -0.05474999999999998618 ) ) ;
#1362 = CARTESIAN_POINT ( 'NONE',  ( -0.08399999999999996358, -0.4320000000000000506, 0.009749999999999999986 ) ) ;
#1363 = ORIENTED_EDGE ( 'NONE', *, *, #1240, .F. ) ;
#1364 = EDGE_CURVE ( 'NONE', #969, #258, #1200, .T. ) ;
#1365 = DIRECTION ( 'NONE',  ( 0.000000000000000000, -0.000000000000000000, 1.000000000000000000 ) ) ;
#1366 = CARTESIAN_POINT ( 'NONE',  ( -0.1962500000000000355, 0.4949999999999998845, -0.05475000000000002781 ) ) ;
#1367 = ORIENTED_EDGE ( 'NONE', *, *, #1408, .F. ) ;
#1368 = SURFACE_SIDE_STYLE ('',( #740 ) ) ;
#1369 = PRODUCT_CONTEXT ( 'NONE', #652, 'mechanical' ) ;
#1370 = EDGE_CURVE ( 'NONE', #1321, #1057, #779, .T. ) ;
#1371 = VERTEX_POINT ( 'NONE', #626 ) ;
#1372 = DIRECTION ( 'NONE',  ( 0.000000000000000000, -1.000000000000000000, 0.000000000000000000 ) ) ;
#1373 = VECTOR ( 'NONE', #316, 39.37007874015748854 ) ;
#1374 = LINE ( 'NONE', #111, #1471 ) ;
#1375 = AXIS2_PLACEMENT_3D ( 'NONE', #409, #876, #755 ) ;
#1376 = VECTOR ( 'NONE', #1254, 39.37007874015748143 ) ;
#1377 = EDGE_LOOP ( 'NONE', ( #45, #433, #1302, #1215 ) ) ;
#1378 = LENGTH_MEASURE_WITH_UNIT ( LENGTH_MEASURE( 0.02539999999999999897 ), #939 );
#1379 = DIRECTION ( 'NONE',  ( 0.000000000000000000, 0.000000000000000000, -1.000000000000000000 ) ) ;
#1380 = ORIENTED_EDGE ( 'NONE', *, *, #209, .T. ) ;
#1381 = DIRECTION ( 'NONE',  ( 1.000000000000000000, 0.000000000000000000, 0.000000000000000000 ) ) ;
#1382 = CARTESIAN_POINT ( 'NONE',  ( -0.1212500000000000661, 0.3449999999999999178, -0.1047499999999999959 ) ) ;
#1383 = PRODUCT_DEFINITION ( 'UNKNOWN', '', #1008, #1091 ) ;
#1384 = ORIENTED_EDGE ( 'NONE', *, *, #1169, .T. ) ;
#1385 = FACE_OUTER_BOUND ( 'NONE', #1463, .T. ) ;
#1386 = VERTEX_POINT ( 'NONE', #1097 ) ;
#1387 = EDGE_CURVE ( 'NONE', #1076, #238, #1103, .T. ) ;
#1388 = FACE_OUTER_BOUND ( 'NONE', #839, .T. ) ;
#1389 = ORIENTED_EDGE ( 'NONE', *, *, #146, .F. ) ;
#1390 = LINE ( 'NONE', #1039, #617 ) ;
#1391 = ORIENTED_EDGE ( 'NONE', *, *, #791, .F. ) ;
#1392 =( CONVERSION_BASED_UNIT ( 'INCH', #727 ) LENGTH_UNIT ( ) NAMED_UNIT ( #899 ) );
#1393 = ADVANCED_FACE ( 'NONE', ( #184 ), #763, .F. ) ;
#1394 = AXIS2_PLACEMENT_3D ( 'NONE', #1158, #48, #1405 ) ;
#1395 = ORIENTED_EDGE ( 'NONE', *, *, #601, .F. ) ;
#1396 = CARTESIAN_POINT ( 'NONE',  ( 0.000000000000000000, 0.4949999999999998845, -0.05474999999999998618 ) ) ;
#1397 = AXIS2_PLACEMENT_3D ( 'NONE', #407, #193, #290 ) ;
#1398 = ADVANCED_FACE ( 'NONE', ( #427, #1334 ), #551, .T. ) ;
#1399 = AXIS2_PLACEMENT_3D ( 'NONE', #994, #640, #1320 ) ;
#1400 = CARTESIAN_POINT ( 'NONE',  ( -0.1962500000000000355, 0.4449999999999998956, 0.07024999999999999301 ) ) ;
#1401 = VECTOR ( 'NONE', #1225, 39.37007874015748143 ) ;
#1402 = EDGE_CURVE ( 'NONE', #1141, #1101, #435, .T. ) ;
#1403 = ORIENTED_EDGE ( 'NONE', *, *, #1165, .T. ) ;
#1404 = CARTESIAN_POINT ( 'NONE',  ( -0.1962499999999999800, 0.7499999999999998890, -0.05474999999999998618 ) ) ;
#1405 = DIRECTION ( 'NONE',  ( -2.276539994720219842E-16, 1.000000000000000000, 0.000000000000000000 ) ) ;
#1406 = PRODUCT_DEFINITION_SHAPE ( 'NONE', 'NONE',  #1481 ) ;
#1407 = ORIENTED_EDGE ( 'NONE', *, *, #573, .F. ) ;
#1408 = EDGE_CURVE ( 'NONE', #730, #1305, #214, .T. ) ;
#1409 = DIRECTION ( 'NONE',  ( -0.7071067811865481278, -0.7071067811865469066, 0.000000000000000000 ) ) ;
#1410 = VERTEX_POINT ( 'NONE', #927 ) ;
#1411 = DIRECTION ( 'NONE',  ( 1.000000000000000000, 2.276539994720219842E-16, -0.000000000000000000 ) ) ;
#1412 = CARTESIAN_POINT ( 'NONE',  ( 0.1160000000000000059, -1.368919288151580054E-17, -0.009749999999999999986 ) ) ;
#1413 = VERTEX_POINT ( 'NONE', #1135 ) ;
#1414 = FACE_OUTER_BOUND ( 'NONE', #1336, .T. ) ;
#1415 = ORIENTED_EDGE ( 'NONE', *, *, #1444, .F. ) ;
#1416 = LINE ( 'NONE', #401, #374 ) ;
#1417 = PLANE ( 'NONE',  #154 ) ;
#1418 = ORIENTED_EDGE ( 'NONE', *, *, #642, .F. ) ;
#1419 = AXIS2_PLACEMENT_3D ( 'NONE', #220, #1265, #101 ) ;
#1420 = CARTESIAN_POINT ( 'NONE',  ( 0.1962500000000000355, 0.4949999999999998845, -0.1047499999999999959 ) ) ;
#1421 = AXIS2_PLACEMENT_3D ( 'NONE', #95, #1459, #579 ) ;
#1422 = AXIS2_PLACEMENT_3D ( 'NONE', #759, #399, #1432 ) ;
#1423 = VECTOR ( 'NONE', #945, 39.37007874015748143 ) ;
#1424 = PRODUCT_DEFINITION_FORMATION_WITH_SPECIFIED_SOURCE ( 'ANY', '', #1171, .NOT_KNOWN. ) ;
#1425 = ORIENTED_EDGE ( 'NONE', *, *, #1335, .T. ) ;
#1426 = DIRECTION ( 'NONE',  ( 1.000000000000000000, 0.000000000000000000, 0.000000000000000000 ) ) ;
#1427 = EDGE_CURVE ( 'NONE', #36, #1313, #934, .T. ) ;
#1428 = CARTESIAN_POINT ( 'NONE',  ( 0.08400000000000001910, -1.029236670830561782E-17, -0.009749999999999999986 ) ) ;
#1429 = DIRECTION ( 'NONE',  ( 0.000000000000000000, -0.000000000000000000, -1.000000000000000000 ) ) ;
#1430 = DIRECTION ( 'NONE',  ( 1.000000000000000000, 1.185697913916780726E-16, -0.000000000000000000 ) ) ;
#1431 = PRODUCT ( 'MBR10100G', 'MBR10100G', '', ( #1369 ) ) ;
#1432 = DIRECTION ( 'NONE',  ( 1.000000000000000000, 0.000000000000000000, 0.000000000000000000 ) ) ;
#1433 = ORIENTED_EDGE ( 'NONE', *, *, #935, .T. ) ;
#1434 = DIRECTION ( 'NONE',  ( 0.7071067811865473507, 0.7071067811865477948, -0.000000000000000000 ) ) ;
#1435 = PLANE ( 'NONE',  #1397 ) ;
#1436 = CARTESIAN_POINT ( 'NONE',  ( -0.1212500000000000383, 0.4949999999999998845, -0.05474999999999998618 ) ) ;
#1437 = DIRECTION ( 'NONE',  ( -1.000000000000000000, 0.000000000000000000, -0.000000000000000000 ) ) ;
#1438 = CARTESIAN_POINT ( 'NONE',  ( -0.1159999999999999504, -0.4320000000000000506, 0.009749999999999999986 ) ) ;
#1439 = ORIENTED_EDGE ( 'NONE', *, *, #993, .T. ) ;
#1440 = DIRECTION ( 'NONE',  ( -1.000000000000000000, 7.129039649437011259E-17, 0.000000000000000000 ) ) ;
#1441 = FACE_OUTER_BOUND ( 'NONE', #334, .T. ) ;
#1442 = UNCERTAINTY_MEASURE_WITH_UNIT (LENGTH_MEASURE( 1.000000000000000082E-05 ), #1392, 'distance_accuracy_value', 'NONE');
#1443 = ORIENTED_EDGE ( 'NONE', *, *, #869, .T. ) ;
#1444 = EDGE_CURVE ( 'NONE', #725, #238, #358, .T. ) ;
#1445 = FACE_OUTER_BOUND ( 'NONE', #808, .T. ) ;
#1446 = EDGE_CURVE ( 'NONE', #585, #355, #1465, .T. ) ;
#1447 = AXIS2_PLACEMENT_3D ( 'NONE', #757, #847, #161 ) ;
#1448 = DIRECTION ( 'NONE',  ( 0.000000000000000000, 0.000000000000000000, 1.000000000000000000 ) ) ;
#1449 = ORIENTED_EDGE ( 'NONE', *, *, #709, .T. ) ;
#1450 = AXIS2_PLACEMENT_3D ( 'NONE', #874, #274, #1218 ) ;
#1451 = CARTESIAN_POINT ( 'NONE',  ( 0.1962500000000000355, 0.1300000000000000044, 0.07024999999999996525 ) ) ;
#1452 = EDGE_CURVE ( 'NONE', #504, #1272, #351, .T. ) ;
#1453 = DIRECTION ( 'NONE',  ( -2.276539994720219842E-16, -1.000000000000000000, 0.000000000000000000 ) ) ;
#1454 = CARTESIAN_POINT ( 'NONE',  ( -0.1212500000000000383, 0.4949999999999998845, -0.1047499999999999959 ) ) ;
#1455 = CARTESIAN_POINT ( 'NONE',  ( 0.1212500000000000522, 0.4949999999999998845, -0.1047499999999999959 ) ) ;
#1456 = CARTESIAN_POINT ( 'NONE',  ( 0.1962500000000000355, 0.4949999999999998290, -0.05474999999999998618 ) ) ;
#1457 = ADVANCED_FACE ( 'NONE', ( #125 ), #1264, .F. ) ;
#1458 = ORIENTED_EDGE ( 'NONE', *, *, #410, .F. ) ;
#1459 = DIRECTION ( 'NONE',  ( 0.000000000000000000, -1.000000000000000000, -1.365923996832131412E-15 ) ) ;
#1460 = DIRECTION ( 'NONE',  ( 1.000000000000000000, 0.000000000000000000, -0.000000000000000000 ) ) ;
#1461 = DIRECTION ( 'NONE',  ( 1.000000000000000000, 0.000000000000000000, -0.000000000000000000 ) ) ;
#1462 = CARTESIAN_POINT ( 'NONE',  ( 0.000000000000000000, 0.000000000000000000, 0.000000000000000000 ) ) ;
#1463 = EDGE_LOOP ( 'NONE', ( #1127, #1425, #1275, #400 ) ) ;
#1464 = DIRECTION ( 'NONE',  ( 0.000000000000000000, 0.000000000000000000, -1.000000000000000000 ) ) ;
#1465 = LINE ( 'NONE', #815, #229 ) ;
#1466 = DIRECTION ( 'NONE',  ( -0.000000000000000000, 1.000000000000000000, 0.000000000000000000 ) ) ;
#1467 = LINE ( 'NONE', #923, #392 ) ;
#1468 = PRODUCT_CONTEXT ( 'NONE', #997, 'mechanical' ) ;
#1469 = DIMENSIONAL_EXPONENTS ( 1.000000000000000000, 0.000000000000000000, 0.000000000000000000, 0.000000000000000000, 0.000000000000000000, 0.000000000000000000, 0.000000000000000000 ) ;
#1470 = AXIS2_PLACEMENT_3D ( 'NONE', #437, #429, #914 ) ;
#1471 = VECTOR ( 'NONE', #1037, 39.37007874015748143 ) ;
#1472 = VERTEX_POINT ( 'NONE', #1021 ) ;
#1473 = CARTESIAN_POINT ( 'NONE',  ( -0.1962500000000000355, 0.000000000000000000, -0.1047499999999999959 ) ) ;
#1474 = CARTESIAN_POINT ( 'NONE',  ( 0.000000000000000000, 0.000000000000000000, 0.000000000000000000 ) ) ;
#1475 = AXIS2_PLACEMENT_3D ( 'NONE', #1198, #1434, #406 ) ;
#1476 = EDGE_CURVE ( 'NONE', #1339, #1313, #672, .T. ) ;
#1477 = VECTOR ( 'NONE', #1152, 39.37007874015748143 ) ;
#1478 = CARTESIAN_POINT ( 'NONE',  ( -0.1962500000000000355, 0.4949999999999998845, -0.05474999999999998618 ) ) ;
#1479 = DIRECTION ( 'NONE',  ( -1.000000000000000000, 0.000000000000000000, 0.000000000000000000 ) ) ;
#1480 = NEXT_ASSEMBLY_USAGE_OCCURRENCE ( 'NAUO1', ' ', ' ', #289, #1383, $ ) ;
#1481 = NEXT_ASSEMBLY_USAGE_OCCURRENCE ( 'NAUO2', ' ', ' ', #289, #881, $ ) ;
#1482 = NEXT_ASSEMBLY_USAGE_OCCURRENCE ( 'NAUO3', ' ', ' ', #289, #74, $ ) ;
#1483 = NEXT_ASSEMBLY_USAGE_OCCURRENCE ( 'NAUO4', ' ', ' ', #289, #186, $ ) ;
ENDSEC;
END-ISO-10303-21;
